"Name","FullName"
"331_number_of_research_papers_per_teachers_in_the.pdf","C:\Users\mdham\Downloads\Kingston-Engineering-College-main\Kingston-Engineering-College-main\assets\pdfs\academics-pdf\331_number_of_research_papers_per_teachers_in_the.pdf"
"332_number_of_books_and_chapters_in_edited_volumes.pdf","C:\Users\mdham\Downloads\Kingston-Engineering-College-main\Kingston-Engineering-College-main\assets\pdfs\academics-pdf\332_number_of_books_and_chapters_in_edited_volumes.pdf"
"332_number_of_books_and_chapters_in_edited_volumes_1.pdf","C:\Users\mdham\Downloads\Kingston-Engineering-College-main\Kingston-Engineering-College-main\assets\pdfs\academics-pdf\332_number_of_books_and_chapters_in_edited_volumes_1.pdf"
"332_number_of_books_and_chapters_in_edited_volumes_2.pdf","C:\Users\mdham\Downloads\Kingston-Engineering-College-main\Kingston-Engineering-College-main\assets\pdfs\academics-pdf\332_number_of_books_and_chapters_in_edited_volumes_2.pdf"
"Patents.pdf","C:\Users\mdham\Downloads\Kingston-Engineering-College-main\Kingston-Engineering-College-main\assets\pdfs\academics-pdf\Patents.pdf"
"sl_no_name_of_the_teachertitle_of_the.pdf","C:\Users\mdham\Downloads\Kingston-Engineering-College-main\Kingston-Engineering-College-main\assets\pdfs\academics-pdf\sl_no_name_of_the_teachertitle_of_the.pdf"
"sno_title_of_paper_name_of_the_authors_department.pdf","C:\Users\mdham\Downloads\Kingston-Engineering-College-main\Kingston-Engineering-College-main\assets\pdfs\academics-pdf\sno_title_of_paper_name_of_the_authors_department.pdf"
"Eligibility.pdf","C:\Users\mdham\Downloads\Kingston-Engineering-College-main\Kingston-Engineering-College-main\assets\pdfs\admission\Eligibility.pdf"
"OnlineProcedure.pdf","C:\Users\mdham\Downloads\Kingston-Engineering-College-main\Kingston-Engineering-College-main\assets\pdfs\admission\OnlineProcedure.pdf"
"scholarship_policy.pdf","C:\Users\mdham\Downloads\Kingston-Engineering-College-main\Kingston-Engineering-College-main\assets\pdfs\admission\scholarship_policy.pdf"
"Alumni_Association_Registration_Certificate.pdf","C:\Users\mdham\Downloads\Kingston-Engineering-College-main\Kingston-Engineering-College-main\assets\pdfs\alumni\Alumni_Association_Registration_Certificate.pdf"
"alumni_cell.pdf","C:\Users\mdham\Downloads\Kingston-Engineering-College-main\Kingston-Engineering-College-main\assets\pdfs\alumni\alumni_cell.pdf"
"Alumni_Cell_Member_List.pdf","C:\Users\mdham\Downloads\Kingston-Engineering-College-main\Kingston-Engineering-College-main\assets\pdfs\alumni\Alumni_Cell_Member_List.pdf"
"????_??_2.pdf","C:\Users\mdham\Downloads\Kingston-Engineering-College-main\Kingston-Engineering-College-main\assets\pdfs\alumni\????_??_2.pdf"
"????_??_2_1.pdf","C:\Users\mdham\Downloads\Kingston-Engineering-College-main\Kingston-Engineering-College-main\assets\pdfs\alumni\????_??_2_1.pdf"
"anti_ragging_committee.pdf","C:\Users\mdham\Downloads\Kingston-Engineering-College-main\Kingston-Engineering-College-main\assets\pdfs\autonomous\anti_ragging_committee.pdf"
"hostel_facility_1.pdf","C:\Users\mdham\Downloads\Kingston-Engineering-College-main\Kingston-Engineering-College-main\assets\pdfs\autonomous\hostel_facility_1.pdf"
"hostel_facility_1_1.pdf","C:\Users\mdham\Downloads\Kingston-Engineering-College-main\Kingston-Engineering-College-main\assets\pdfs\autonomous\hostel_facility_1_1.pdf"
"SGRC.pdf","C:\Users\mdham\Downloads\Kingston-Engineering-College-main\Kingston-Engineering-College-main\assets\pdfs\autonomous\SGRC.pdf"
"undertaking_on_compliance.pdf","C:\Users\mdham\Downloads\Kingston-Engineering-College-main\Kingston-Engineering-College-main\assets\pdfs\autonomous\undertaking_on_compliance.pdf"
"undertaking_on_ugc_compliance.pdf","C:\Users\mdham\Downloads\Kingston-Engineering-College-main\Kingston-Engineering-College-main\assets\pdfs\autonomous\undertaking_on_ugc_compliance.pdf"
"knec_csbs_newsletter_2023_2024issue1.pdf","C:\Users\mdham\Downloads\Kingston-Engineering-College-main\Kingston-Engineering-College-main\assets\pdfs\csbs\knec_csbs_newsletter_2023_2024issue1.pdf"
"departments_aids_aids.pdf","C:\Users\mdham\Downloads\Kingston-Engineering-College-main\Kingston-Engineering-College-main\assets\pdfs\departments\aids\departments_aids_aids.pdf"
"departments_aids_ai_ds.pdf","C:\Users\mdham\Downloads\Kingston-Engineering-College-main\Kingston-Engineering-College-main\assets\pdfs\departments\aids\departments_aids_ai_ds.pdf"
"departments_aids_value_added_training_course.pdf","C:\Users\mdham\Downloads\Kingston-Engineering-College-main\Kingston-Engineering-College-main\assets\pdfs\departments\aids\departments_aids_value_added_training_course.pdf"
"departments_arch_book_chapter_impact_of_emulsified.pdf","C:\Users\mdham\Downloads\Kingston-Engineering-College-main\Kingston-Engineering-College-main\assets\pdfs\departments\arch\departments_arch_book_chapter_impact_of_emulsified.pdf"
"departments_arch_oct_2019.pdf","C:\Users\mdham\Downloads\Kingston-Engineering-College-main\Kingston-Engineering-College-main\assets\pdfs\departments\arch\departments_arch_oct_2019.pdf"
"departments_arch_paper_16.pdf","C:\Users\mdham\Downloads\Kingston-Engineering-College-main\Kingston-Engineering-College-main\assets\pdfs\departments\arch\departments_arch_paper_16.pdf"
"departments_arch_paper_17.pdf","C:\Users\mdham\Downloads\Kingston-Engineering-College-main\Kingston-Engineering-College-main\assets\pdfs\departments\arch\departments_arch_paper_17.pdf"
"departments_csbs_bos_csbs.pdf","C:\Users\mdham\Downloads\Kingston-Engineering-College-main\Kingston-Engineering-College-main\assets\pdfs\departments\csbs\departments_csbs_bos_csbs.pdf"
"departments_csbs_csbs.pdf","C:\Users\mdham\Downloads\Kingston-Engineering-College-main\Kingston-Engineering-College-main\assets\pdfs\departments\csbs\departments_csbs_csbs.pdf"
"departments_csbs_csbs_2025_26_even_semester_time_table.pdf","C:\Users\mdham\Downloads\Kingston-Engineering-College-main\Kingston-Engineering-College-main\assets\pdfs\departments\csbs\departments_csbs_csbs_2025_26_even_semester_time_table.pdf"
"departments_csbs_iii_csbs_v_sem_tt.pdf","C:\Users\mdham\Downloads\Kingston-Engineering-College-main\Kingston-Engineering-College-main\assets\pdfs\departments\csbs\departments_csbs_iii_csbs_v_sem_tt.pdf"
"departments_csbs_iv_csbs_vii_sem_tt.pdf","C:\Users\mdham\Downloads\Kingston-Engineering-College-main\Kingston-Engineering-College-main\assets\pdfs\departments\csbs\departments_csbs_iv_csbs_vii_sem_tt.pdf"
"departments_csbs_iv_csbs_vii_sem_tt_1.pdf","C:\Users\mdham\Downloads\Kingston-Engineering-College-main\Kingston-Engineering-College-main\assets\pdfs\departments\csbs\departments_csbs_iv_csbs_vii_sem_tt_1.pdf"
"departments_cse_bos_cse.pdf","C:\Users\mdham\Downloads\Kingston-Engineering-College-main\Kingston-Engineering-College-main\assets\pdfs\departments\cse\departments_cse_bos_cse.pdf"
"departments_cse_cse.pdf","C:\Users\mdham\Downloads\Kingston-Engineering-College-main\Kingston-Engineering-College-main\assets\pdfs\departments\cse\departments_cse_cse.pdf"
"departments_cse_r2013_b_e_cse.pdf","C:\Users\mdham\Downloads\Kingston-Engineering-College-main\Kingston-Engineering-College-main\assets\pdfs\departments\cse\departments_cse_r2013_b_e_cse.pdf"
"departments_cse_r2013_m_e_cse.pdf","C:\Users\mdham\Downloads\Kingston-Engineering-College-main\Kingston-Engineering-College-main\assets\pdfs\departments\cse\departments_cse_r2013_m_e_cse.pdf"
"departments_cse_r2017_b_e_cse.pdf","C:\Users\mdham\Downloads\Kingston-Engineering-College-main\Kingston-Engineering-College-main\assets\pdfs\departments\cse\departments_cse_r2017_b_e_cse.pdf"
"departments_cse_r2017_m_e_cse.pdf","C:\Users\mdham\Downloads\Kingston-Engineering-College-main\Kingston-Engineering-College-main\assets\pdfs\departments\cse\departments_cse_r2017_m_e_cse.pdf"
"departments_cse_r2021_b_e_cse.pdf","C:\Users\mdham\Downloads\Kingston-Engineering-College-main\Kingston-Engineering-College-main\assets\pdfs\departments\cse\departments_cse_r2021_b_e_cse.pdf"
"departments_cse_r2021_m_e_cse.pdf","C:\Users\mdham\Downloads\Kingston-Engineering-College-main\Kingston-Engineering-College-main\assets\pdfs\departments\cse\departments_cse_r2021_m_e_cse.pdf"
"departments_ece_bos_ece.pdf","C:\Users\mdham\Downloads\Kingston-Engineering-College-main\Kingston-Engineering-College-main\assets\pdfs\departments\ece\departments_ece_bos_ece.pdf"
"departments_ece_ece.pdf","C:\Users\mdham\Downloads\Kingston-Engineering-College-main\Kingston-Engineering-College-main\assets\pdfs\departments\ece\departments_ece_ece.pdf"
"departments_it_2_anti_ragging_committee_aicte.pdf","C:\Users\mdham\Downloads\Kingston-Engineering-College-main\Kingston-Engineering-College-main\assets\pdfs\departments\it\departments_it_2_anti_ragging_committee_aicte.pdf"
"departments_it_campus_hiring.pdf","C:\Users\mdham\Downloads\Kingston-Engineering-College-main\Kingston-Engineering-College-main\assets\pdfs\departments\it\departments_it_campus_hiring.pdf"
"departments_it_discipline.pdf","C:\Users\mdham\Downloads\Kingston-Engineering-College-main\Kingston-Engineering-College-main\assets\pdfs\departments\it\departments_it_discipline.pdf"
"departments_it_finance.pdf","C:\Users\mdham\Downloads\Kingston-Engineering-College-main\Kingston-Engineering-College-main\assets\pdfs\departments\it\departments_it_finance.pdf"
"departments_it_hostel_facility.pdf","C:\Users\mdham\Downloads\Kingston-Engineering-College-main\Kingston-Engineering-College-main\assets\pdfs\departments\it\departments_it_hostel_facility.pdf"
"departments_it_it.pdf","C:\Users\mdham\Downloads\Kingston-Engineering-College-main\Kingston-Engineering-College-main\assets\pdfs\departments\it\departments_it_it.pdf"
"departments_it_libraryadvisory.pdf","C:\Users\mdham\Downloads\Kingston-Engineering-College-main\Kingston-Engineering-College-main\assets\pdfs\departments\it\departments_it_libraryadvisory.pdf"
"departments_it_maintenance.pdf","C:\Users\mdham\Downloads\Kingston-Engineering-College-main\Kingston-Engineering-College-main\assets\pdfs\departments\it\departments_it_maintenance.pdf"
"departments_it_msme_writeup.pdf","C:\Users\mdham\Downloads\Kingston-Engineering-College-main\Kingston-Engineering-College-main\assets\pdfs\departments\it\departments_it_msme_writeup.pdf"
"departments_it_pmkvy_write_up.pdf","C:\Users\mdham\Downloads\Kingston-Engineering-College-main\Kingston-Engineering-College-main\assets\pdfs\departments\it\departments_it_pmkvy_write_up.pdf"
"departments_it_r2013_b_tech_it.pdf","C:\Users\mdham\Downloads\Kingston-Engineering-College-main\Kingston-Engineering-College-main\assets\pdfs\departments\it\departments_it_r2013_b_tech_it.pdf"
"departments_it_r2017_b_tech_it.pdf","C:\Users\mdham\Downloads\Kingston-Engineering-College-main\Kingston-Engineering-College-main\assets\pdfs\departments\it\departments_it_r2017_b_tech_it.pdf"
"departments_it_r2021_b_tech_it.pdf","C:\Users\mdham\Downloads\Kingston-Engineering-College-main\Kingston-Engineering-College-main\assets\pdfs\departments\it\departments_it_r2021_b_tech_it.pdf"
"departments_it_ssc.pdf","C:\Users\mdham\Downloads\Kingston-Engineering-College-main\Kingston-Engineering-College-main\assets\pdfs\departments\it\departments_it_ssc.pdf"
"departments_mba_bos_mba.pdf","C:\Users\mdham\Downloads\Kingston-Engineering-College-main\Kingston-Engineering-College-main\assets\pdfs\departments\mba\departments_mba_bos_mba.pdf"
"departments_mech_bos_mech.pdf","C:\Users\mdham\Downloads\Kingston-Engineering-College-main\Kingston-Engineering-College-main\assets\pdfs\departments\mech\departments_mech_bos_mech.pdf"
"departments_mech_mech.pdf","C:\Users\mdham\Downloads\Kingston-Engineering-College-main\Kingston-Engineering-College-main\assets\pdfs\departments\mech\departments_mech_mech.pdf"
"departments_mech_r2013_b_e_mech.pdf","C:\Users\mdham\Downloads\Kingston-Engineering-College-main\Kingston-Engineering-College-main\assets\pdfs\departments\mech\departments_mech_r2013_b_e_mech.pdf"
"departments_mech_r2017_b_e_mech.pdf","C:\Users\mdham\Downloads\Kingston-Engineering-College-main\Kingston-Engineering-College-main\assets\pdfs\departments\mech\departments_mech_r2017_b_e_mech.pdf"
"departments_mech_r2017_m_e_mech.pdf","C:\Users\mdham\Downloads\Kingston-Engineering-College-main\Kingston-Engineering-College-main\assets\pdfs\departments\mech\departments_mech_r2017_m_e_mech.pdf"
"departments_mech_r2021_b_e_mech.pdf","C:\Users\mdham\Downloads\Kingston-Engineering-College-main\Kingston-Engineering-College-main\assets\pdfs\departments\mech\departments_mech_r2021_b_e_mech.pdf"
"departments_mech_r2021_m_e_mech.pdf","C:\Users\mdham\Downloads\Kingston-Engineering-College-main\Kingston-Engineering-College-main\assets\pdfs\departments\mech\departments_mech_r2021_m_e_mech.pdf"
"departments_sh_vishnu_priyan.pdf","C:\Users\mdham\Downloads\Kingston-Engineering-College-main\Kingston-Engineering-College-main\assets\pdfs\departments\sh\departments_sh_vishnu_priyan.pdf"
"general_1_20_09_2018_grc_0001.pdf","C:\Users\mdham\Downloads\Kingston-Engineering-College-main\Kingston-Engineering-College-main\assets\pdfs\general\general_1_20_09_2018_grc_0001.pdf"
"general_25_03_2025_dept_staff_details_main_page.pdf","C:\Users\mdham\Downloads\Kingston-Engineering-College-main\Kingston-Engineering-College-main\assets\pdfs\general\general_25_03_2025_dept_staff_details_main_page.pdf"
"general_2_20_2_2019_grc_0001.pdf","C:\Users\mdham\Downloads\Kingston-Engineering-College-main\Kingston-Engineering-College-main\assets\pdfs\general\general_2_20_2_2019_grc_0001.pdf"
"general_3_20_02_20_grc_0001.pdf","C:\Users\mdham\Downloads\Kingston-Engineering-College-main\Kingston-Engineering-College-main\assets\pdfs\general\general_3_20_02_20_grc_0001.pdf"
"general_4_24_11_21_grc_0001.pdf","C:\Users\mdham\Downloads\Kingston-Engineering-College-main\Kingston-Engineering-College-main\assets\pdfs\general\general_4_24_11_21_grc_0001.pdf"
"general_5_23_02_22_grc_0001.pdf","C:\Users\mdham\Downloads\Kingston-Engineering-College-main\Kingston-Engineering-College-main\assets\pdfs\general\general_5_23_02_22_grc_0001.pdf"
"general_6_28_07_22_grc_0001.pdf","C:\Users\mdham\Downloads\Kingston-Engineering-College-main\Kingston-Engineering-College-main\assets\pdfs\general\general_6_28_07_22_grc_0001.pdf"
"general_7_17_02_23_grc_0001.pdf","C:\Users\mdham\Downloads\Kingston-Engineering-College-main\Kingston-Engineering-College-main\assets\pdfs\general\general_7_17_02_23_grc_0001.pdf"
"general_8_31_10_23_grc_0001.pdf","C:\Users\mdham\Downloads\Kingston-Engineering-College-main\Kingston-Engineering-College-main\assets\pdfs\general\general_8_31_10_23_grc_0001.pdf"
"general_alumni_association_registration_certificate.pdf","C:\Users\mdham\Downloads\Kingston-Engineering-College-main\Kingston-Engineering-College-main\assets\pdfs\general\general_alumni_association_registration_certificate.pdf"
"general_book_chapter_impact_of_emulsified.pdf","C:\Users\mdham\Downloads\Kingston-Engineering-College-main\Kingston-Engineering-College-main\assets\pdfs\general\general_book_chapter_impact_of_emulsified.pdf"
"general_iic_web_page.pdf","C:\Users\mdham\Downloads\Kingston-Engineering-College-main\Kingston-Engineering-College-main\assets\pdfs\general\general_iic_web_page.pdf"
"general_jun_2024_may_25_news_letter.pdf","C:\Users\mdham\Downloads\Kingston-Engineering-College-main\Kingston-Engineering-College-main\assets\pdfs\general\general_jun_2024_may_25_news_letter.pdf"
"general_main_file_startup.pdf","C:\Users\mdham\Downloads\Kingston-Engineering-College-main\Kingston-Engineering-College-main\assets\pdfs\general\general_main_file_startup.pdf"
"general_news_and_events.pdf","C:\Users\mdham\Downloads\Kingston-Engineering-College-main\Kingston-Engineering-College-main\assets\pdfs\general\general_news_and_events.pdf"
"general_oct_2019.pdf","C:\Users\mdham\Downloads\Kingston-Engineering-College-main\Kingston-Engineering-College-main\assets\pdfs\general\general_oct_2019.pdf"
"general_paper_16.pdf","C:\Users\mdham\Downloads\Kingston-Engineering-College-main\Kingston-Engineering-College-main\assets\pdfs\general\general_paper_16.pdf"
"general_paper_17.pdf","C:\Users\mdham\Downloads\Kingston-Engineering-College-main\Kingston-Engineering-College-main\assets\pdfs\general\general_paper_17.pdf"
"general_patent_1_journala.pdf","C:\Users\mdham\Downloads\Kingston-Engineering-College-main\Kingston-Engineering-College-main\assets\pdfs\general\general_patent_1_journala.pdf"
"general_patent_2_journal.pdf","C:\Users\mdham\Downloads\Kingston-Engineering-College-main\Kingston-Engineering-College-main\assets\pdfs\general\general_patent_2_journal.pdf"
"general_patent_3_journal.pdf","C:\Users\mdham\Downloads\Kingston-Engineering-College-main\Kingston-Engineering-College-main\assets\pdfs\general\general_patent_3_journal.pdf"
"general_patent_4_journal.pdf","C:\Users\mdham\Downloads\Kingston-Engineering-College-main\Kingston-Engineering-College-main\assets\pdfs\general\general_patent_4_journal.pdf"
"general_patent_5_journal.pdf","C:\Users\mdham\Downloads\Kingston-Engineering-College-main\Kingston-Engineering-College-main\assets\pdfs\general\general_patent_5_journal.pdf"
"general_patnet_6_journal.pdf","C:\Users\mdham\Downloads\Kingston-Engineering-College-main\Kingston-Engineering-College-main\assets\pdfs\general\general_patnet_6_journal.pdf"
"general_senthilkumar.pdf","C:\Users\mdham\Downloads\Kingston-Engineering-College-main\Kingston-Engineering-College-main\assets\pdfs\general\general_senthilkumar.pdf"
"general_sgrc_ombusperson.pdf","C:\Users\mdham\Downloads\Kingston-Engineering-College-main\Kingston-Engineering-College-main\assets\pdfs\general\general_sgrc_ombusperson.pdf"
"general_statutes.pdf","C:\Users\mdham\Downloads\Kingston-Engineering-College-main\Kingston-Engineering-College-main\assets\pdfs\general\general_statutes.pdf"
"general_undertaking_on_compliance.pdf","C:\Users\mdham\Downloads\Kingston-Engineering-College-main\Kingston-Engineering-College-main\assets\pdfs\general\general_undertaking_on_compliance.pdf"
"national_service_scheme.pdf","C:\Users\mdham\Downloads\Kingston-Engineering-College-main\Kingston-Engineering-College-main\assets\pdfs\general\national_service_scheme.pdf"
"governing_council.pdf","C:\Users\mdham\Downloads\Kingston-Engineering-College-main\Kingston-Engineering-College-main\assets\pdfs\governing-council\governing_council.pdf"
"120mom20_202021_22.pdf","C:\Users\mdham\Downloads\Kingston-Engineering-College-main\Kingston-Engineering-College-main\assets\pdfs\iqac\120mom20_202021_22.pdf"
"2018_2019.pdf","C:\Users\mdham\Downloads\Kingston-Engineering-College-main\Kingston-Engineering-College-main\assets\pdfs\iqac\2018_2019.pdf"
"2019_2020.pdf","C:\Users\mdham\Downloads\Kingston-Engineering-College-main\Kingston-Engineering-College-main\assets\pdfs\iqac\2019_2020.pdf"
"2020_2021.pdf","C:\Users\mdham\Downloads\Kingston-Engineering-College-main\Kingston-Engineering-College-main\assets\pdfs\iqac\2020_2021.pdf"
"2021_2022.pdf","C:\Users\mdham\Downloads\Kingston-Engineering-College-main\Kingston-Engineering-College-main\assets\pdfs\iqac\2021_2022.pdf"
"2022_2023.pdf","C:\Users\mdham\Downloads\Kingston-Engineering-College-main\Kingston-Engineering-College-main\assets\pdfs\iqac\2022_2023.pdf"
"220mom20_202021_22.pdf","C:\Users\mdham\Downloads\Kingston-Engineering-College-main\Kingston-Engineering-College-main\assets\pdfs\iqac\220mom20_202021_22.pdf"
"320mom20_202022_23.pdf","C:\Users\mdham\Downloads\Kingston-Engineering-College-main\Kingston-Engineering-College-main\assets\pdfs\iqac\320mom20_202022_23.pdf"
"420mom20_202022_23.pdf","C:\Users\mdham\Downloads\Kingston-Engineering-College-main\Kingston-Engineering-College-main\assets\pdfs\iqac\420mom20_202022_23.pdf"
"520mom20_202022_23.pdf","C:\Users\mdham\Downloads\Kingston-Engineering-College-main\Kingston-Engineering-College-main\assets\pdfs\iqac\520mom20_202022_23.pdf"
"620mom20_202023_24.pdf","C:\Users\mdham\Downloads\Kingston-Engineering-College-main\Kingston-Engineering-College-main\assets\pdfs\iqac\620mom20_202023_24.pdf"
"action_taken_report_on_feedback_analysis.pdf","C:\Users\mdham\Downloads\Kingston-Engineering-College-main\Kingston-Engineering-College-main\assets\pdfs\iqac\action_taken_report_on_feedback_analysis.pdf"
"action_taken_report_on_feedback_analysis_1.pdf","C:\Users\mdham\Downloads\Kingston-Engineering-College-main\Kingston-Engineering-College-main\assets\pdfs\iqac\action_taken_report_on_feedback_analysis_1.pdf"
"action_taken_report_on_feedback_analysis_2.pdf","C:\Users\mdham\Downloads\Kingston-Engineering-College-main\Kingston-Engineering-College-main\assets\pdfs\iqac\action_taken_report_on_feedback_analysis_2.pdf"
"action_taken_report_on_feedback_analysis_3.pdf","C:\Users\mdham\Downloads\Kingston-Engineering-College-main\Kingston-Engineering-College-main\assets\pdfs\iqac\action_taken_report_on_feedback_analysis_3.pdf"
"action_taken_report_on_feedback_analysis_4.pdf","C:\Users\mdham\Downloads\Kingston-Engineering-College-main\Kingston-Engineering-College-main\assets\pdfs\iqac\action_taken_report_on_feedback_analysis_4.pdf"
"alumni_feedback_analysis_report_on_curriculum.pdf","C:\Users\mdham\Downloads\Kingston-Engineering-College-main\Kingston-Engineering-College-main\assets\pdfs\iqac\alumni_feedback_analysis_report_on_curriculum.pdf"
"alumni_feedback_analysis_report_on_curriculum_1.pdf","C:\Users\mdham\Downloads\Kingston-Engineering-College-main\Kingston-Engineering-College-main\assets\pdfs\iqac\alumni_feedback_analysis_report_on_curriculum_1.pdf"
"alumni_feedback_analysis_report_on_curriculum_2.pdf","C:\Users\mdham\Downloads\Kingston-Engineering-College-main\Kingston-Engineering-College-main\assets\pdfs\iqac\alumni_feedback_analysis_report_on_curriculum_2.pdf"
"engineering_resources_iqac_feedback_analysis_repor.pdf","C:\Users\mdham\Downloads\Kingston-Engineering-College-main\Kingston-Engineering-College-main\assets\pdfs\iqac\engineering_resources_iqac_feedback_analysis_repor.pdf"
"engineering_resources_iqac_feedback_analysis_repor_1.pdf","C:\Users\mdham\Downloads\Kingston-Engineering-College-main\Kingston-Engineering-College-main\assets\pdfs\iqac\engineering_resources_iqac_feedback_analysis_repor_1.pdf"
"strategic_plan_2018_to_2023.pdf","C:\Users\mdham\Downloads\Kingston-Engineering-College-main\Kingston-Engineering-College-main\assets\pdfs\iqac\strategic_plan_2018_to_2023.pdf"
"121_number_of_add_on_certificatevalue_added_progra.pdf","C:\Users\mdham\Downloads\Kingston-Engineering-College-main\Kingston-Engineering-College-main\assets\pdfs\naac\121_number_of_add_on_certificatevalue_added_progra.pdf"
"122_percentage_of_students_enrolled_in_certificate.pdf","C:\Users\mdham\Downloads\Kingston-Engineering-College-main\Kingston-Engineering-College-main\assets\pdfs\naac\122_percentage_of_students_enrolled_in_certificate.pdf"
"132_percentage_of_students_undertaking_project_wor.pdf","C:\Users\mdham\Downloads\Kingston-Engineering-College-main\Kingston-Engineering-College-main\assets\pdfs\naac\132_percentage_of_students_undertaking_project_wor.pdf"
"211_enrollment_percentage.pdf","C:\Users\mdham\Downloads\Kingston-Engineering-College-main\Kingston-Engineering-College-main\assets\pdfs\naac\211_enrollment_percentage.pdf"
"212_percentage_of_seats_filled_against_reserved_ca.pdf","C:\Users\mdham\Downloads\Kingston-Engineering-College-main\Kingston-Engineering-College-main\assets\pdfs\naac\212_percentage_of_seats_filled_against_reserved_ca.pdf"
"221_student_full_time_teacher_ratio_data_for_the_l.pdf","C:\Users\mdham\Downloads\Kingston-Engineering-College-main\Kingston-Engineering-College-main\assets\pdfs\naac\221_student_full_time_teacher_ratio_data_for_the_l.pdf"
"231_student_centric_methods_such_as_experiential_l.pdf","C:\Users\mdham\Downloads\Kingston-Engineering-College-main\Kingston-Engineering-College-main\assets\pdfs\naac\231_student_centric_methods_such_as_experiential_l.pdf"
"241_percentage_of_full_time_teachers_against_sanct.pdf","C:\Users\mdham\Downloads\Kingston-Engineering-College-main\Kingston-Engineering-College-main\assets\pdfs\naac\241_percentage_of_full_time_teachers_against_sanct.pdf"
"241_percentage_of_full_time_teachers_with_netsetsl.pdf","C:\Users\mdham\Downloads\Kingston-Engineering-College-main\Kingston-Engineering-College-main\assets\pdfs\naac\241_percentage_of_full_time_teachers_with_netsetsl.pdf"
"251_mechanism_of_internal_external_assessment_is_t.pdf","C:\Users\mdham\Downloads\Kingston-Engineering-College-main\Kingston-Engineering-College-main\assets\pdfs\naac\251_mechanism_of_internal_external_assessment_is_t.pdf"
"261_programme_outcomes_pos_and_course_outcomes_cos.pdf","C:\Users\mdham\Downloads\Kingston-Engineering-College-main\Kingston-Engineering-College-main\assets\pdfs\naac\261_programme_outcomes_pos_and_course_outcomes_cos.pdf"
"262_attainment_of_pos_and_cos_are_evaluated.pdf","C:\Users\mdham\Downloads\Kingston-Engineering-College-main\Kingston-Engineering-College-main\assets\pdfs\naac\262_attainment_of_pos_and_cos_are_evaluated.pdf"
"263_pass_percentage_of_students_during_last_five_y.pdf","C:\Users\mdham\Downloads\Kingston-Engineering-College-main\Kingston-Engineering-College-main\assets\pdfs\naac\263_pass_percentage_of_students_during_last_five_y.pdf"
"311_grants_received_from_government_and_non_govern.pdf","C:\Users\mdham\Downloads\Kingston-Engineering-College-main\Kingston-Engineering-College-main\assets\pdfs\naac\311_grants_received_from_government_and_non_govern.pdf"
"321_institution_has_created_an_ecosystem_for_innov.pdf","C:\Users\mdham\Downloads\Kingston-Engineering-College-main\Kingston-Engineering-College-main\assets\pdfs\naac\321_institution_has_created_an_ecosystem_for_innov.pdf"
"322_number_of_workshopsseminarsconferenc_es_includ.pdf","C:\Users\mdham\Downloads\Kingston-Engineering-College-main\Kingston-Engineering-College-main\assets\pdfs\naac\322_number_of_workshopsseminarsconferenc_es_includ.pdf"
"331_number_of_research_papers_published_per_teache.pdf","C:\Users\mdham\Downloads\Kingston-Engineering-College-main\Kingston-Engineering-College-main\assets\pdfs\naac\331_number_of_research_papers_published_per_teache.pdf"
"332_number_of_books_and_chapters_in_edited_volumes_3.pdf","C:\Users\mdham\Downloads\Kingston-Engineering-College-main\Kingston-Engineering-College-main\assets\pdfs\naac\332_number_of_books_and_chapters_in_edited_volumes_3.pdf"
"341_outcomes_of_extension_activities_in_the_neighb.pdf","C:\Users\mdham\Downloads\Kingston-Engineering-College-main\Kingston-Engineering-College-main\assets\pdfs\naac\341_outcomes_of_extension_activities_in_the_neighb.pdf"
"342_awards_and_recognitions_received_for_extension.pdf","C:\Users\mdham\Downloads\Kingston-Engineering-College-main\Kingston-Engineering-College-main\assets\pdfs\naac\342_awards_and_recognitions_received_for_extension.pdf"
"343_number_of_extension_and_outreach_programs_cond.pdf","C:\Users\mdham\Downloads\Kingston-Engineering-College-main\Kingston-Engineering-College-main\assets\pdfs\naac\343_number_of_extension_and_outreach_programs_cond.pdf"
"351_number_of_functional_mouslinkages_with_institu.pdf","C:\Users\mdham\Downloads\Kingston-Engineering-College-main\Kingston-Engineering-College-main\assets\pdfs\naac\351_number_of_functional_mouslinkages_with_institu.pdf"
"411_the_institution_has_adequate_infrastructure_an.pdf","C:\Users\mdham\Downloads\Kingston-Engineering-College-main\Kingston-Engineering-College-main\assets\pdfs\naac\411_the_institution_has_adequate_infrastructure_an.pdf"
"412percentage_of_expenditure_for_infrastructure_de.pdf","C:\Users\mdham\Downloads\Kingston-Engineering-College-main\Kingston-Engineering-College-main\assets\pdfs\naac\412percentage_of_expenditure_for_infrastructure_de.pdf"
"421_library_is_automated_with_digital_facilities_u.pdf","C:\Users\mdham\Downloads\Kingston-Engineering-College-main\Kingston-Engineering-College-main\assets\pdfs\naac\421_library_is_automated_with_digital_facilities_u.pdf"
"431_institution_frequently_updates_its_it_faciliti.pdf","C:\Users\mdham\Downloads\Kingston-Engineering-College-main\Kingston-Engineering-College-main\assets\pdfs\naac\431_institution_frequently_updates_its_it_faciliti.pdf"
"432_student_computer_ratio_data_for_the_latest_com.pdf","C:\Users\mdham\Downloads\Kingston-Engineering-College-main\Kingston-Engineering-College-main\assets\pdfs\naac\432_student_computer_ratio_data_for_the_latest_com.pdf"
"441_percentage_expenditure_incurred_on_maintenance.pdf","C:\Users\mdham\Downloads\Kingston-Engineering-College-main\Kingston-Engineering-College-main\assets\pdfs\naac\441_percentage_expenditure_incurred_on_maintenance.pdf"
"512_capacity_building_and_skills_enhancement_initi.pdf","C:\Users\mdham\Downloads\Kingston-Engineering-College-main\Kingston-Engineering-College-main\assets\pdfs\naac\512_capacity_building_and_skills_enhancement_initi.pdf"
"513_percentage_of_stude_nts_benefitted_by_guidance.pdf","C:\Users\mdham\Downloads\Kingston-Engineering-College-main\Kingston-Engineering-College-main\assets\pdfs\naac\513_percentage_of_stude_nts_benefitted_by_guidance.pdf"
"532_average_number_of_sports_and_cultural_programs.pdf","C:\Users\mdham\Downloads\Kingston-Engineering-College-main\Kingston-Engineering-College-main\assets\pdfs\naac\532_average_number_of_sports_and_cultural_programs.pdf"
"541_the_alumni_associationchapters_registered_and.pdf","C:\Users\mdham\Downloads\Kingston-Engineering-College-main\Kingston-Engineering-College-main\assets\pdfs\naac\541_the_alumni_associationchapters_registered_and.pdf"
"611_the_institutional_governance_and_leadership_ar.pdf","C:\Users\mdham\Downloads\Kingston-Engineering-College-main\Kingston-Engineering-College-main\assets\pdfs\naac\611_the_institutional_governance_and_leadership_ar.pdf"
"621_the_institutional_perspective_plan_is_effectiv.pdf","C:\Users\mdham\Downloads\Kingston-Engineering-College-main\Kingston-Engineering-College-main\assets\pdfs\naac\621_the_institutional_perspective_plan_is_effectiv.pdf"
"622_institution_implements_e_governance_in_its_ope.pdf","C:\Users\mdham\Downloads\Kingston-Engineering-College-main\Kingston-Engineering-College-main\assets\pdfs\naac\622_institution_implements_e_governance_in_its_ope.pdf"
"631_the_institution_has_performance_appraisal_syst.pdf","C:\Users\mdham\Downloads\Kingston-Engineering-College-main\Kingston-Engineering-College-main\assets\pdfs\naac\631_the_institution_has_performance_appraisal_syst.pdf"
"632_percentage_of_teachers_provided_with_financial.pdf","C:\Users\mdham\Downloads\Kingston-Engineering-College-main\Kingston-Engineering-College-main\assets\pdfs\naac\632_percentage_of_teachers_provided_with_financial.pdf"
"641_institution_has_strategies_for_mobilization_an.pdf","C:\Users\mdham\Downloads\Kingston-Engineering-College-main\Kingston-Engineering-College-main\assets\pdfs\naac\641_institution_has_strategies_for_mobilization_an.pdf"
"651_internal_quality_assurance_cell_iqac_has_contr.pdf","C:\Users\mdham\Downloads\Kingston-Engineering-College-main\Kingston-Engineering-College-main\assets\pdfs\naac\651_internal_quality_assurance_cell_iqac_has_contr.pdf"
"652_quality_assurance_initiatives_of_the_instituti.pdf","C:\Users\mdham\Downloads\Kingston-Engineering-College-main\Kingston-Engineering-College-main\assets\pdfs\naac\652_quality_assurance_initiatives_of_the_instituti.pdf"
"711_institution_has_initiated_the_gender_audit_and.pdf","C:\Users\mdham\Downloads\Kingston-Engineering-College-main\Kingston-Engineering-College-main\assets\pdfs\naac\711_institution_has_initiated_the_gender_audit_and.pdf"
"712_the_institution_has_facilities_and_initiatives.pdf","C:\Users\mdham\Downloads\Kingston-Engineering-College-main\Kingston-Engineering-College-main\assets\pdfs\naac\712_the_institution_has_facilities_and_initiatives.pdf"
"713_quality_audits_on_environment_and_energy_regul.pdf","C:\Users\mdham\Downloads\Kingston-Engineering-College-main\Kingston-Engineering-College-main\assets\pdfs\naac\713_quality_audits_on_environment_and_energy_regul.pdf"
"714_describe_the_institutional_effortsinitiatives.pdf","C:\Users\mdham\Downloads\Kingston-Engineering-College-main\Kingston-Engineering-College-main\assets\pdfs\naac\714_describe_the_institutional_effortsinitiatives.pdf"
"721_describe_two_best_practices_successfully_imple.pdf","C:\Users\mdham\Downloads\Kingston-Engineering-College-main\Kingston-Engineering-College-main\assets\pdfs\naac\721_describe_two_best_practices_successfully_imple.pdf"
"731_portray_the_performance_of_the_institution_in.pdf","C:\Users\mdham\Downloads\Kingston-Engineering-College-main\Kingston-Engineering-College-main\assets\pdfs\naac\731_portray_the_performance_of_the_institution_in.pdf"
"accredited_by_cycle_grade_year_link_for_details (1).pdf","C:\Users\mdham\Downloads\Kingston-Engineering-College-main\Kingston-Engineering-College-main\assets\pdfs\naac\accredited_by_cycle_grade_year_link_for_details (1).pdf"
"dvv_clarifications.pdf","C:\Users\mdham\Downloads\Kingston-Engineering-College-main\Kingston-Engineering-College-main\assets\pdfs\naac\dvv_clarifications.pdf"
"institutional_information_for_quality_assessmentii.pdf","C:\Users\mdham\Downloads\Kingston-Engineering-College-main\Kingston-Engineering-College-main\assets\pdfs\naac\institutional_information_for_quality_assessmentii.pdf"
"self_study_report.pdf","C:\Users\mdham\Downloads\Kingston-Engineering-College-main\Kingston-Engineering-College-main\assets\pdfs\naac\self_study_report.pdf"
"teaching_learning_271_student_survey.pdf","C:\Users\mdham\Downloads\Kingston-Engineering-College-main\Kingston-Engineering-College-main\assets\pdfs\naac\teaching_learning_271_student_survey.pdf"
"the_supporting_documents_for_this_metric_exceed_th.pdf","C:\Users\mdham\Downloads\Kingston-Engineering-College-main\Kingston-Engineering-College-main\assets\pdfs\naac\the_supporting_documents_for_this_metric_exceed_th.pdf"
"the_supporting_documents_for_this_metric_exceed_th_1.pdf","C:\Users\mdham\Downloads\Kingston-Engineering-College-main\Kingston-Engineering-College-main\assets\pdfs\naac\the_supporting_documents_for_this_metric_exceed_th_1.pdf"
"the_supporting_documents_for_this_metric_exceed_th_10.pdf","C:\Users\mdham\Downloads\Kingston-Engineering-College-main\Kingston-Engineering-College-main\assets\pdfs\naac\the_supporting_documents_for_this_metric_exceed_th_10.pdf"
"the_supporting_documents_for_this_metric_exceed_th_11.pdf","C:\Users\mdham\Downloads\Kingston-Engineering-College-main\Kingston-Engineering-College-main\assets\pdfs\naac\the_supporting_documents_for_this_metric_exceed_th_11.pdf"
"the_supporting_documents_for_this_metric_exceed_th_12.pdf","C:\Users\mdham\Downloads\Kingston-Engineering-College-main\Kingston-Engineering-College-main\assets\pdfs\naac\the_supporting_documents_for_this_metric_exceed_th_12.pdf"
"the_supporting_documents_for_this_metric_exceed_th_2.pdf","C:\Users\mdham\Downloads\Kingston-Engineering-College-main\Kingston-Engineering-College-main\assets\pdfs\naac\the_supporting_documents_for_this_metric_exceed_th_2.pdf"
"the_supporting_documents_for_this_metric_exceed_th_3.pdf","C:\Users\mdham\Downloads\Kingston-Engineering-College-main\Kingston-Engineering-College-main\assets\pdfs\naac\the_supporting_documents_for_this_metric_exceed_th_3.pdf"
"the_supporting_documents_for_this_metric_exceed_th_4.pdf","C:\Users\mdham\Downloads\Kingston-Engineering-College-main\Kingston-Engineering-College-main\assets\pdfs\naac\the_supporting_documents_for_this_metric_exceed_th_4.pdf"
"the_supporting_documents_for_this_metric_exceed_th_5.pdf","C:\Users\mdham\Downloads\Kingston-Engineering-College-main\Kingston-Engineering-College-main\assets\pdfs\naac\the_supporting_documents_for_this_metric_exceed_th_5.pdf"
"the_supporting_documents_for_this_metric_exceed_th_6.pdf","C:\Users\mdham\Downloads\Kingston-Engineering-College-main\Kingston-Engineering-College-main\assets\pdfs\naac\the_supporting_documents_for_this_metric_exceed_th_6.pdf"
"the_supporting_documents_for_this_metric_exceed_th_7.pdf","C:\Users\mdham\Downloads\Kingston-Engineering-College-main\Kingston-Engineering-College-main\assets\pdfs\naac\the_supporting_documents_for_this_metric_exceed_th_7.pdf"
"the_supporting_documents_for_this_metric_exceed_th_8.pdf","C:\Users\mdham\Downloads\Kingston-Engineering-College-main\Kingston-Engineering-College-main\assets\pdfs\naac\the_supporting_documents_for_this_metric_exceed_th_8.pdf"
"the_supporting_documents_for_this_metric_exceed_th_9.pdf","C:\Users\mdham\Downloads\Kingston-Engineering-College-main\Kingston-Engineering-College-main\assets\pdfs\naac\the_supporting_documents_for_this_metric_exceed_th_9.pdf"
"capacity_development_and_skill_development.pdf","C:\Users\mdham\Downloads\Kingston-Engineering-College-main\Kingston-Engineering-College-main\assets\pdfs\placement\capacity_development_and_skill_development.pdf"
"consolidated_placement_report_2022_23_student_coun.pdf","C:\Users\mdham\Downloads\Kingston-Engineering-College-main\Kingston-Engineering-College-main\assets\pdfs\placement\consolidated_placement_report_2022_23_student_coun.pdf"
"value_added_training_course.pdf","C:\Users\mdham\Downloads\Kingston-Engineering-College-main\Kingston-Engineering-College-main\assets\pdfs\placement\value_added_training_course.pdf"
"placements_placement_report_22_23.pdf","C:\Users\mdham\Downloads\Kingston-Engineering-College-main\Kingston-Engineering-College-main\assets\pdfs\placements\placements_placement_report_22_23.pdf"
"academic.pdf","C:\Users\mdham\Downloads\Kingston-Engineering-College-main\Kingston-Engineering-College-main\assets\pdfs\policies\academic.pdf"
"alumni.pdf","C:\Users\mdham\Downloads\Kingston-Engineering-College-main\Kingston-Engineering-College-main\assets\pdfs\policies\alumni.pdf"
"code_of_ethics_and_conduct.pdf","C:\Users\mdham\Downloads\Kingston-Engineering-College-main\Kingston-Engineering-College-main\assets\pdfs\policies\code_of_ethics_and_conduct.pdf"
"environmental.pdf","C:\Users\mdham\Downloads\Kingston-Engineering-College-main\Kingston-Engineering-College-main\assets\pdfs\policies\environmental.pdf"
"e_governance_policy.pdf","C:\Users\mdham\Downloads\Kingston-Engineering-College-main\Kingston-Engineering-College-main\assets\pdfs\policies\e_governance_policy.pdf"
"e_waste.pdf","C:\Users\mdham\Downloads\Kingston-Engineering-College-main\Kingston-Engineering-College-main\assets\pdfs\policies\e_waste.pdf"
"Feedback_Policy.pdf","C:\Users\mdham\Downloads\Kingston-Engineering-College-main\Kingston-Engineering-College-main\assets\pdfs\policies\Feedback_Policy.pdf"
"finance_1.pdf","C:\Users\mdham\Downloads\Kingston-Engineering-College-main\Kingston-Engineering-College-main\assets\pdfs\policies\finance_1.pdf"
"informa_tion.pdf","C:\Users\mdham\Downloads\Kingston-Engineering-College-main\Kingston-Engineering-College-main\assets\pdfs\policies\informa_tion.pdf"
"infrastructure.pdf","C:\Users\mdham\Downloads\Kingston-Engineering-College-main\Kingston-Engineering-College-main\assets\pdfs\policies\infrastructure.pdf"
"internal.pdf","C:\Users\mdham\Downloads\Kingston-Engineering-College-main\Kingston-Engineering-College-main\assets\pdfs\policies\internal.pdf"
"library.pdf","C:\Users\mdham\Downloads\Kingston-Engineering-College-main\Kingston-Engineering-College-main\assets\pdfs\policies\library.pdf"
"placement.pdf","C:\Users\mdham\Downloads\Kingston-Engineering-College-main\Kingston-Engineering-College-main\assets\pdfs\policies\placement.pdf"
"policy.pdf","C:\Users\mdham\Downloads\Kingston-Engineering-College-main\Kingston-Engineering-College-main\assets\pdfs\policies\policy.pdf"
"purchase.pdf","C:\Users\mdham\Downloads\Kingston-Engineering-College-main\Kingston-Engineering-College-main\assets\pdfs\policies\purchase.pdf"
"research.pdf","C:\Users\mdham\Downloads\Kingston-Engineering-College-main\Kingston-Engineering-College-main\assets\pdfs\policies\research.pdf"
"resources.pdf","C:\Users\mdham\Downloads\Kingston-Engineering-College-main\Kingston-Engineering-College-main\assets\pdfs\policies\resources.pdf"
"scholarship_policy_1.pdf","C:\Users\mdham\Downloads\Kingston-Engineering-College-main\Kingston-Engineering-College-main\assets\pdfs\policies\scholarship_policy_1.pdf"
"sports.pdf","C:\Users\mdham\Downloads\Kingston-Engineering-College-main\Kingston-Engineering-College-main\assets\pdfs\policies\sports.pdf"
"student.pdf","C:\Users\mdham\Downloads\Kingston-Engineering-College-main\Kingston-Engineering-College-main\assets\pdfs\policies\student.pdf"
"value_added.pdf","C:\Users\mdham\Downloads\Kingston-Engineering-College-main\Kingston-Engineering-College-main\assets\pdfs\policies\value_added.pdf"
"the_patent_office_journal_no_012018_dated_05012018.pdf","C:\Users\mdham\Downloads\Kingston-Engineering-College-main\Kingston-Engineering-College-main\assets\pdfs\research\the_patent_office_journal_no_012018_dated_05012018.pdf"
"the_patent_office_journal_no_062022_dated_11022022.pdf","C:\Users\mdham\Downloads\Kingston-Engineering-College-main\Kingston-Engineering-College-main\assets\pdfs\research\the_patent_office_journal_no_062022_dated_11022022.pdf"
"the_patent_office_journal_no_082020_dated_21022020.pdf","C:\Users\mdham\Downloads\Kingston-Engineering-College-main\Kingston-Engineering-College-main\assets\pdfs\research\the_patent_office_journal_no_082020_dated_21022020.pdf"
"the_patent_office_journal_no_242019_dated_14062019.pdf","C:\Users\mdham\Downloads\Kingston-Engineering-College-main\Kingston-Engineering-College-main\assets\pdfs\research\the_patent_office_journal_no_242019_dated_14062019.pdf"
"the_patent_office_journal_no_382019_dated_20092019.pdf","C:\Users\mdham\Downloads\Kingston-Engineering-College-main\Kingston-Engineering-College-main\assets\pdfs\research\the_patent_office_journal_no_382019_dated_20092019.pdf"
"the_patent_office_journal_no_422019_dated_18_10201.pdf","C:\Users\mdham\Downloads\Kingston-Engineering-College-main\Kingston-Engineering-College-main\assets\pdfs\research\the_patent_office_journal_no_422019_dated_18_10201.pdf"
"act_and_statutes (1).pdf","C:\Users\mdham\Downloads\Kingston-Engineering-College-main\Kingston-Engineering-College-main\assets\pdfs\ugc\act_and_statutes (1).pdf"
"annual_accounts_statement.pdf","C:\Users\mdham\Downloads\Kingston-Engineering-College-main\Kingston-Engineering-College-main\assets\pdfs\ugc\annual_accounts_statement.pdf"
"annual_reports_s.pdf","C:\Users\mdham\Downloads\Kingston-Engineering-College-main\Kingston-Engineering-College-main\assets\pdfs\ugc\annual_reports_s.pdf"
"department_faculty_details.pdf","C:\Users\mdham\Downloads\Kingston-Engineering-College-main\Kingston-Engineering-College-main\assets\pdfs\ugc\department_faculty_details.pdf"
"druv_arivazhagu_mephd.pdf","C:\Users\mdham\Downloads\Kingston-Engineering-College-main\Kingston-Engineering-College-main\assets\pdfs\ugc\druv_arivazhagu_mephd.pdf"
"establishment_of_grievances_redressal_mechanism.pdf","C:\Users\mdham\Downloads\Kingston-Engineering-College-main\Kingston-Engineering-College-main\assets\pdfs\ugc\establishment_of_grievances_redressal_mechanism.pdf"
"irncsrontilgllr8rth0_c0ttege.pdf","C:\Users\mdham\Downloads\Kingston-Engineering-College-main\Kingston-Engineering-College-main\assets\pdfs\ugc\irncsrontilgllr8rth0_c0ttege.pdf"
"mandatory_disclosure_ugc_undertaking_letter_by_hoi.pdf","C:\Users\mdham\Downloads\Kingston-Engineering-College-main\Kingston-Engineering-College-main\assets\pdfs\ugc\mandatory_disclosure_ugc_undertaking_letter_by_hoi.pdf"
"prevention_of_sexual_harassment_posh_cell.pdf","C:\Users\mdham\Downloads\Kingston-Engineering-College-main\Kingston-Engineering-College-main\assets\pdfs\ugc\prevention_of_sexual_harassment_posh_cell.pdf"
"research_and_development_cell_1.pdf","C:\Users\mdham\Downloads\Kingston-Engineering-College-main\Kingston-Engineering-College-main\assets\pdfs\ugc\research_and_development_cell_1.pdf"
"sponsoring_body_details.pdf","C:\Users\mdham\Downloads\Kingston-Engineering-College-main\Kingston-Engineering-College-main\assets\pdfs\ugc\sponsoring_body_details.pdf"
"statutesordinances_pertaining_to.pdf","C:\Users\mdham\Downloads\Kingston-Engineering-College-main\Kingston-Engineering-College-main\assets\pdfs\ugc\statutesordinances_pertaining_to.pdf"
"the_tamil_nadu_societies_registration_act_1975_tam_1.pdf","C:\Users\mdham\Downloads\Kingston-Engineering-College-main\Kingston-Engineering-College-main\assets\pdfs\ugc\the_tamil_nadu_societies_registration_act_1975_tam_1.pdf"
"ugc_1_about_hei_6_recognition_main_page.pdf","C:\Users\mdham\Downloads\Kingston-Engineering-College-main\Kingston-Engineering-College-main\assets\pdfs\ugc\ugc_1_about_hei_6_recognition_main_page.pdf"
"ugc_1_governing_council.pdf","C:\Users\mdham\Downloads\Kingston-Engineering-College-main\Kingston-Engineering-College-main\assets\pdfs\ugc\ugc_1_governing_council.pdf"
"ugc_1_research_and_developement.pdf","C:\Users\mdham\Downloads\Kingston-Engineering-College-main\Kingston-Engineering-College-main\assets\pdfs\ugc\ugc_1_research_and_developement.pdf"
"ugc_2_academic_council.pdf","C:\Users\mdham\Downloads\Kingston-Engineering-College-main\Kingston-Engineering-College-main\assets\pdfs\ugc\ugc_2_academic_council.pdf"
"ugc_2_anti_ragging_committee_aicte.pdf","C:\Users\mdham\Downloads\Kingston-Engineering-College-main\Kingston-Engineering-College-main\assets\pdfs\ugc\ugc_2_anti_ragging_committee_aicte.pdf"
"ugc_3_academics_4_dept_faculty_details_main_page.pdf","C:\Users\mdham\Downloads\Kingston-Engineering-College-main\Kingston-Engineering-College-main\assets\pdfs\ugc\ugc_3_academics_4_dept_faculty_details_main_page.pdf"
"ugc_3_bos_mech.pdf","C:\Users\mdham\Downloads\Kingston-Engineering-College-main\Kingston-Engineering-College-main\assets\pdfs\ugc\ugc_3_bos_mech.pdf"
"ugc_3_institutional_development_plan.pdf","C:\Users\mdham\Downloads\Kingston-Engineering-College-main\Kingston-Engineering-College-main\assets\pdfs\ugc\ugc_3_institutional_development_plan.pdf"
"ugc_4_bos_cse.pdf","C:\Users\mdham\Downloads\Kingston-Engineering-College-main\Kingston-Engineering-College-main\assets\pdfs\ugc\ugc_4_bos_cse.pdf"
"ugc_5_bos_it.pdf","C:\Users\mdham\Downloads\Kingston-Engineering-College-main\Kingston-Engineering-College-main\assets\pdfs\ugc\ugc_5_bos_it.pdf"
"ugc_5_news_and_events.pdf","C:\Users\mdham\Downloads\Kingston-Engineering-College-main\Kingston-Engineering-College-main\assets\pdfs\ugc\ugc_5_news_and_events.pdf"
"ugc_6_bos_ai_ds.pdf","C:\Users\mdham\Downloads\Kingston-Engineering-College-main\Kingston-Engineering-College-main\assets\pdfs\ugc\ugc_6_bos_ai_ds.pdf"
"ugc_7_academiccollaborations.pdf","C:\Users\mdham\Downloads\Kingston-Engineering-College-main\Kingston-Engineering-College-main\assets\pdfs\ugc\ugc_7_academiccollaborations.pdf"
"ugc_7_bos_mba.pdf","C:\Users\mdham\Downloads\Kingston-Engineering-College-main\Kingston-Engineering-College-main\assets\pdfs\ugc\ugc_7_bos_mba.pdf"
"ugc_8_bos_ece.pdf","C:\Users\mdham\Downloads\Kingston-Engineering-College-main\Kingston-Engineering-College-main\assets\pdfs\ugc\ugc_8_bos_ece.pdf"
"ugc_8_information_corner_3_announcement_main_page.pdf","C:\Users\mdham\Downloads\Kingston-Engineering-College-main\Kingston-Engineering-College-main\assets\pdfs\ugc\ugc_8_information_corner_3_announcement_main_page.pdf"
"ugc_accrediation_ranking_status_front_page.pdf","C:\Users\mdham\Downloads\Kingston-Engineering-College-main\Kingston-Engineering-College-main\assets\pdfs\ugc\ugc_accrediation_ranking_status_front_page.pdf"
"ugc_act_and_statues_of_moa_front_page.pdf","C:\Users\mdham\Downloads\Kingston-Engineering-College-main\Kingston-Engineering-College-main\assets\pdfs\ugc\ugc_act_and_statues_of_moa_front_page.pdf"
"ugc_bos_ai_ds.pdf","C:\Users\mdham\Downloads\Kingston-Engineering-College-main\Kingston-Engineering-College-main\assets\pdfs\ugc\ugc_bos_ai_ds.pdf"
"ugc_bos_cse.pdf","C:\Users\mdham\Downloads\Kingston-Engineering-College-main\Kingston-Engineering-College-main\assets\pdfs\ugc\ugc_bos_cse.pdf"
"ugc_bos_it.pdf","C:\Users\mdham\Downloads\Kingston-Engineering-College-main\Kingston-Engineering-College-main\assets\pdfs\ugc\ugc_bos_it.pdf"
"ugc_bos_mba.pdf","C:\Users\mdham\Downloads\Kingston-Engineering-College-main\Kingston-Engineering-College-main\assets\pdfs\ugc\ugc_bos_mba.pdf"
"ugc_bos_mech.pdf","C:\Users\mdham\Downloads\Kingston-Engineering-College-main\Kingston-Engineering-College-main\assets\pdfs\ugc\ugc_bos_mech.pdf"
"ugc_ece_staff_details.pdf","C:\Users\mdham\Downloads\Kingston-Engineering-College-main\Kingston-Engineering-College-main\assets\pdfs\ugc\ugc_ece_staff_details.pdf"
"ugc_finance_committee.pdf","C:\Users\mdham\Downloads\Kingston-Engineering-College-main\Kingston-Engineering-College-main\assets\pdfs\ugc\ugc_finance_committee.pdf"
"ugc_main_file_startup.pdf","C:\Users\mdham\Downloads\Kingston-Engineering-College-main\Kingston-Engineering-College-main\assets\pdfs\ugc\ugc_main_file_startup.pdf"
"ugc_me_applied_electronics.pdf","C:\Users\mdham\Downloads\Kingston-Engineering-College-main\Kingston-Engineering-College-main\assets\pdfs\ugc\ugc_me_applied_electronics.pdf"
"ugc_msme_link_doc.pdf","C:\Users\mdham\Downloads\Kingston-Engineering-College-main\Kingston-Engineering-College-main\assets\pdfs\ugc\ugc_msme_link_doc.pdf"
"ugc_pmkvy_link_doc.pdf","C:\Users\mdham\Downloads\Kingston-Engineering-College-main\Kingston-Engineering-College-main\assets\pdfs\ugc\ugc_pmkvy_link_doc.pdf"
"ugc_sgrc.pdf","C:\Users\mdham\Downloads\Kingston-Engineering-College-main\Kingston-Engineering-College-main\assets\pdfs\ugc\ugc_sgrc.pdf"
"ugc_undertaking_on_ugc_compliance.pdf","C:\Users\mdham\Downloads\Kingston-Engineering-College-main\Kingston-Engineering-College-main\assets\pdfs\ugc\ugc_undertaking_on_ugc_compliance.pdf"
"2-Anti-Ragging Committee -aicte.pdf","C:\Users\mdham\Downloads\Kingston-Engineering-College-main\Kingston-Engineering-College-main\assets\pdfs\UGC Mandatory Disclosure\2-Anti-Ragging Committee -aicte.pdf"
"finance committee.pdf","C:\Users\mdham\Downloads\Kingston-Engineering-College-main\Kingston-Engineering-College-main\assets\pdfs\UGC Mandatory Disclosure\finance committee.pdf"
"Updated_KNEC-Institutional Development Plan(2025-2030).pdf","C:\Users\mdham\Downloads\Kingston-Engineering-College-main\Kingston-Engineering-College-main\assets\pdfs\UGC Mandatory Disclosure\Updated_KNEC-Institutional Development Plan(2025-2030).pdf"
"1. About Us.pdf","C:\Users\mdham\Downloads\Kingston-Engineering-College-main\Kingston-Engineering-College-main\assets\pdfs\UGC Mandatory Disclosure\1. About HEI\1. About Us.pdf"
"3. Institutional Development Plan.pdf","C:\Users\mdham\Downloads\Kingston-Engineering-College-main\Kingston-Engineering-College-main\assets\pdfs\UGC Mandatory Disclosure\1. About HEI\3. Institutional Development Plan.pdf"
"4. Affiliating University.pdf","C:\Users\mdham\Downloads\Kingston-Engineering-College-main\Kingston-Engineering-College-main\assets\pdfs\UGC Mandatory Disclosure\1. About HEI\4. Affiliating University.pdf"
"1.pdf","C:\Users\mdham\Downloads\Kingston-Engineering-College-main\Kingston-Engineering-College-main\assets\pdfs\UGC Mandatory Disclosure\1. About HEI\2. ACT and STATUES OF MOA\1.pdf"
"2.pdf","C:\Users\mdham\Downloads\Kingston-Engineering-College-main\Kingston-Engineering-College-main\assets\pdfs\UGC Mandatory Disclosure\1. About HEI\2. ACT and STATUES OF MOA\2.pdf"
"3.pdf","C:\Users\mdham\Downloads\Kingston-Engineering-College-main\Kingston-Engineering-College-main\assets\pdfs\UGC Mandatory Disclosure\1. About HEI\2. ACT and STATUES OF MOA\3.pdf"
"ACT and STATUES OF MOA Front Page.pdf","C:\Users\mdham\Downloads\Kingston-Engineering-College-main\Kingston-Engineering-College-main\assets\pdfs\UGC Mandatory Disclosure\1. About HEI\2. ACT and STATUES OF MOA\ACT and STATUES OF MOA Front Page.pdf"
"Accrediation Ranking Status Front Page.pdf","C:\Users\mdham\Downloads\Kingston-Engineering-College-main\Kingston-Engineering-College-main\assets\pdfs\UGC Mandatory Disclosure\1. About HEI\5. Accreditation\Accrediation Ranking Status Front Page.pdf"
"NAAC CERTIFICATE.pdf","C:\Users\mdham\Downloads\Kingston-Engineering-College-main\Kingston-Engineering-College-main\assets\pdfs\UGC Mandatory Disclosure\1. About HEI\5. Accreditation\NAAC CERTIFICATE.pdf"
"NBA CYCLE 1_0001.pdf","C:\Users\mdham\Downloads\Kingston-Engineering-College-main\Kingston-Engineering-College-main\assets\pdfs\UGC Mandatory Disclosure\1. About HEI\5. Accreditation\NBA CYCLE 1_0001.pdf"
"NBA-Cycle II.pdf","C:\Users\mdham\Downloads\Kingston-Engineering-College-main\Kingston-Engineering-College-main\assets\pdfs\UGC Mandatory Disclosure\1. About HEI\5. Accreditation\NBA-Cycle II.pdf"
"2F.pdf","C:\Users\mdham\Downloads\Kingston-Engineering-College-main\Kingston-Engineering-College-main\assets\pdfs\UGC Mandatory Disclosure\1. About HEI\6. Recognition\2F.pdf"
"Anna University Affiliation 2023 - 2024.pdf","C:\Users\mdham\Downloads\Kingston-Engineering-College-main\Kingston-Engineering-College-main\assets\pdfs\UGC Mandatory Disclosure\1. About HEI\6. Recognition\Anna University Affiliation 2023 - 2024.pdf"
"EOA_2024-2025.pdf","C:\Users\mdham\Downloads\Kingston-Engineering-College-main\Kingston-Engineering-College-main\assets\pdfs\UGC Mandatory Disclosure\1. About HEI\6. Recognition\EOA_2024-2025.pdf"
"Main Page.pdf","C:\Users\mdham\Downloads\Kingston-Engineering-College-main\Kingston-Engineering-College-main\assets\pdfs\UGC Mandatory Disclosure\1. About HEI\6. Recognition\Main Page.pdf"
"permanent affiliation.pdf","C:\Users\mdham\Downloads\Kingston-Engineering-College-main\Kingston-Engineering-College-main\assets\pdfs\UGC Mandatory Disclosure\1. About HEI\6. Recognition\permanent affiliation.pdf"
"Annual Reports Front Page.pdf","C:\Users\mdham\Downloads\Kingston-Engineering-College-main\Kingston-Engineering-College-main\assets\pdfs\UGC Mandatory Disclosure\1. About HEI\7. Annual Report\Annual Reports Front Page.pdf"
"AR 2023-2024.pdf","C:\Users\mdham\Downloads\Kingston-Engineering-College-main\Kingston-Engineering-College-main\assets\pdfs\UGC Mandatory Disclosure\1. About HEI\7. Annual Report\AR 2023-2024.pdf"
"AR-2018-2019.pdf","C:\Users\mdham\Downloads\Kingston-Engineering-College-main\Kingston-Engineering-College-main\assets\pdfs\UGC Mandatory Disclosure\1. About HEI\7. Annual Report\AR-2018-2019.pdf"
"AR-2019-2020.pdf","C:\Users\mdham\Downloads\Kingston-Engineering-College-main\Kingston-Engineering-College-main\assets\pdfs\UGC Mandatory Disclosure\1. About HEI\7. Annual Report\AR-2019-2020.pdf"
"AR-2020-2021.pdf","C:\Users\mdham\Downloads\Kingston-Engineering-College-main\Kingston-Engineering-College-main\assets\pdfs\UGC Mandatory Disclosure\1. About HEI\7. Annual Report\AR-2020-2021.pdf"
"AR-2021-2022.pdf","C:\Users\mdham\Downloads\Kingston-Engineering-College-main\Kingston-Engineering-College-main\assets\pdfs\UGC Mandatory Disclosure\1. About HEI\7. Annual Report\AR-2021-2022.pdf"
"AR-2022-2023.pdf","C:\Users\mdham\Downloads\Kingston-Engineering-College-main\Kingston-Engineering-College-main\assets\pdfs\UGC Mandatory Disclosure\1. About HEI\7. Annual Report\AR-2022-2023.pdf"
"2.pdf","C:\Users\mdham\Downloads\Kingston-Engineering-College-main\Kingston-Engineering-College-main\assets\pdfs\UGC Mandatory Disclosure\1. About HEI\8. Annual Accounts Statement\2.pdf"
"2018-2019.pdf","C:\Users\mdham\Downloads\Kingston-Engineering-College-main\Kingston-Engineering-College-main\assets\pdfs\UGC Mandatory Disclosure\1. About HEI\8. Annual Accounts Statement\2018-2019.pdf"
"2019-2020.pdf","C:\Users\mdham\Downloads\Kingston-Engineering-College-main\Kingston-Engineering-College-main\assets\pdfs\UGC Mandatory Disclosure\1. About HEI\8. Annual Accounts Statement\2019-2020.pdf"
"2020-2021.pdf","C:\Users\mdham\Downloads\Kingston-Engineering-College-main\Kingston-Engineering-College-main\assets\pdfs\UGC Mandatory Disclosure\1. About HEI\8. Annual Accounts Statement\2020-2021.pdf"
"2021-2022.pdf","C:\Users\mdham\Downloads\Kingston-Engineering-College-main\Kingston-Engineering-College-main\assets\pdfs\UGC Mandatory Disclosure\1. About HEI\8. Annual Accounts Statement\2021-2022.pdf"
"2022-2023.pdf","C:\Users\mdham\Downloads\Kingston-Engineering-College-main\Kingston-Engineering-College-main\assets\pdfs\UGC Mandatory Disclosure\1. About HEI\8. Annual Accounts Statement\2022-2023.pdf"
"2023-2024.pdf","C:\Users\mdham\Downloads\Kingston-Engineering-College-main\Kingston-Engineering-College-main\assets\pdfs\UGC Mandatory Disclosure\1. About HEI\8. Annual Accounts Statement\2023-2024.pdf"
"2.pdf","C:\Users\mdham\Downloads\Kingston-Engineering-College-main\Kingston-Engineering-College-main\assets\pdfs\UGC Mandatory Disclosure\1. About HEI\9. Sponsering Body Details\2.pdf"
"Aqua Sub Engineering.pdf","C:\Users\mdham\Downloads\Kingston-Engineering-College-main\Kingston-Engineering-College-main\assets\pdfs\UGC Mandatory Disclosure\1. About HEI\9. Sponsering Body Details\Aqua Sub Engineering.pdf"
"Ford India Pvt.Ltd.pdf","C:\Users\mdham\Downloads\Kingston-Engineering-College-main\Kingston-Engineering-College-main\assets\pdfs\UGC Mandatory Disclosure\1. About HEI\9. Sponsering Body Details\Ford India Pvt.Ltd.pdf"
"Hyundai Motor India Limited.pdf","C:\Users\mdham\Downloads\Kingston-Engineering-College-main\Kingston-Engineering-College-main\assets\pdfs\UGC Mandatory Disclosure\1. About HEI\9. Sponsering Body Details\Hyundai Motor India Limited.pdf"
"Msc technology.pdf","C:\Users\mdham\Downloads\Kingston-Engineering-College-main\Kingston-Engineering-College-main\assets\pdfs\UGC Mandatory Disclosure\1. About HEI\9. Sponsering Body Details\Msc technology.pdf"
"Renault Nissan Pvt. Ltd.pdf","C:\Users\mdham\Downloads\Kingston-Engineering-College-main\Kingston-Engineering-College-main\assets\pdfs\UGC Mandatory Disclosure\1. About HEI\9. Sponsering Body Details\Renault Nissan Pvt. Ltd.pdf"
"Tata Motors.pdf","C:\Users\mdham\Downloads\Kingston-Engineering-College-main\Kingston-Engineering-College-main\assets\pdfs\UGC Mandatory Disclosure\1. About HEI\9. Sponsering Body Details\Tata Motors.pdf"
"2. chief controller.pdf","C:\Users\mdham\Downloads\Kingston-Engineering-College-main\Kingston-Engineering-College-main\assets\pdfs\UGC Mandatory Disclosure\2. Administration\2. chief controller.pdf"
"3. Chief Vigiliance Officer.pdf","C:\Users\mdham\Downloads\Kingston-Engineering-College-main\Kingston-Engineering-College-main\assets\pdfs\UGC Mandatory Disclosure\2. Administration\3. Chief Vigiliance Officer.pdf"
"4. ombudsperson grievance.pdf","C:\Users\mdham\Downloads\Kingston-Engineering-College-main\Kingston-Engineering-College-main\assets\pdfs\UGC Mandatory Disclosure\2. Administration\4. ombudsperson grievance.pdf"
"6. academic leadership.pdf","C:\Users\mdham\Downloads\Kingston-Engineering-College-main\Kingston-Engineering-College-main\assets\pdfs\UGC Mandatory Disclosure\2. Administration\6. academic leadership.pdf"
"1. GOVERNING COUNCIL.pdf","C:\Users\mdham\Downloads\Kingston-Engineering-College-main\Kingston-Engineering-College-main\assets\pdfs\UGC Mandatory Disclosure\2. Administration\Executive Council\1. GOVERNING COUNCIL.pdf"
"2. ACADEMIC COUNCIL.pdf","C:\Users\mdham\Downloads\Kingston-Engineering-College-main\Kingston-Engineering-College-main\assets\pdfs\UGC Mandatory Disclosure\2. Administration\Executive Council\2. ACADEMIC COUNCIL.pdf"
"3. BOS-MECH.pdf","C:\Users\mdham\Downloads\Kingston-Engineering-College-main\Kingston-Engineering-College-main\assets\pdfs\UGC Mandatory Disclosure\2. Administration\Executive Council\3. BOS-MECH.pdf"
"4. BOS-CSE.pdf","C:\Users\mdham\Downloads\Kingston-Engineering-College-main\Kingston-Engineering-College-main\assets\pdfs\UGC Mandatory Disclosure\2. Administration\Executive Council\4. BOS-CSE.pdf"
"5. BOS-IT.pdf","C:\Users\mdham\Downloads\Kingston-Engineering-College-main\Kingston-Engineering-College-main\assets\pdfs\UGC Mandatory Disclosure\2. Administration\Executive Council\5. BOS-IT.pdf"
"6. BOS-AI&DS.pdf","C:\Users\mdham\Downloads\Kingston-Engineering-College-main\Kingston-Engineering-College-main\assets\pdfs\UGC Mandatory Disclosure\2. Administration\Executive Council\6. BOS-AI&DS.pdf"
"7. BOS-MBA.pdf","C:\Users\mdham\Downloads\Kingston-Engineering-College-main\Kingston-Engineering-College-main\assets\pdfs\UGC Mandatory Disclosure\2. Administration\Executive Council\7. BOS-MBA.pdf"
"8. BOS-ECE.pdf","C:\Users\mdham\Downloads\Kingston-Engineering-College-main\Kingston-Engineering-College-main\assets\pdfs\UGC Mandatory Disclosure\2. Administration\Executive Council\8. BOS-ECE.pdf"
"BOS-AI&DS.pdf","C:\Users\mdham\Downloads\Kingston-Engineering-College-main\Kingston-Engineering-College-main\assets\pdfs\UGC Mandatory Disclosure\2. Administration\Executive Council\BOS-AI&DS.pdf"
"BOS-CSE.pdf","C:\Users\mdham\Downloads\Kingston-Engineering-College-main\Kingston-Engineering-College-main\assets\pdfs\UGC Mandatory Disclosure\2. Administration\Executive Council\BOS-CSE.pdf"
"BOS-IT.pdf","C:\Users\mdham\Downloads\Kingston-Engineering-College-main\Kingston-Engineering-College-main\assets\pdfs\UGC Mandatory Disclosure\2. Administration\Executive Council\BOS-IT.pdf"
"BOS-MBA.pdf","C:\Users\mdham\Downloads\Kingston-Engineering-College-main\Kingston-Engineering-College-main\assets\pdfs\UGC Mandatory Disclosure\2. Administration\Executive Council\BOS-MBA.pdf"
"BOS-MECH.pdf","C:\Users\mdham\Downloads\Kingston-Engineering-College-main\Kingston-Engineering-College-main\assets\pdfs\UGC Mandatory Disclosure\2. Administration\Executive Council\BOS-MECH.pdf"
"1. Name of the Degree.pdf","C:\Users\mdham\Downloads\Kingston-Engineering-College-main\Kingston-Engineering-College-main\assets\pdfs\UGC Mandatory Disclosure\3. Academics\1. Name of the Degree.pdf"
"2. Academic calendar - 2024-2025.pdf","C:\Users\mdham\Downloads\Kingston-Engineering-College-main\Kingston-Engineering-College-main\assets\pdfs\UGC Mandatory Disclosure\3. Academics\2. Academic calendar - 2024-2025.pdf"
"3. ExaminationReformsPolicy.pdf","C:\Users\mdham\Downloads\Kingston-Engineering-College-main\Kingston-Engineering-College-main\assets\pdfs\UGC Mandatory Disclosure\3. Academics\3. ExaminationReformsPolicy.pdf"
"7. AcademicCollaborations.pdf","C:\Users\mdham\Downloads\Kingston-Engineering-College-main\Kingston-Engineering-College-main\assets\pdfs\UGC Mandatory Disclosure\3. Academics\7. AcademicCollaborations.pdf"
"AIDS Staff Details.pdf","C:\Users\mdham\Downloads\Kingston-Engineering-College-main\Kingston-Engineering-College-main\assets\pdfs\UGC Mandatory Disclosure\3. Academics\4. Dept Faculty Details\AIDS Staff Details.pdf"
"CIVIL ENGG.pdf","C:\Users\mdham\Downloads\Kingston-Engineering-College-main\Kingston-Engineering-College-main\assets\pdfs\UGC Mandatory Disclosure\3. Academics\4. Dept Faculty Details\CIVIL ENGG.pdf"
"CSBS staff details.pdf","C:\Users\mdham\Downloads\Kingston-Engineering-College-main\Kingston-Engineering-College-main\assets\pdfs\UGC Mandatory Disclosure\3. Academics\4. Dept Faculty Details\CSBS staff details.pdf"
"CSE staff details.pdf","C:\Users\mdham\Downloads\Kingston-Engineering-College-main\Kingston-Engineering-College-main\assets\pdfs\UGC Mandatory Disclosure\3. Academics\4. Dept Faculty Details\CSE staff details.pdf"
"ECE Staff Details.pdf","C:\Users\mdham\Downloads\Kingston-Engineering-College-main\Kingston-Engineering-College-main\assets\pdfs\UGC Mandatory Disclosure\3. Academics\4. Dept Faculty Details\ECE Staff Details.pdf"
"IT Staff Details.pdf","C:\Users\mdham\Downloads\Kingston-Engineering-College-main\Kingston-Engineering-College-main\assets\pdfs\UGC Mandatory Disclosure\3. Academics\4. Dept Faculty Details\IT Staff Details.pdf"
"Main Page.pdf","C:\Users\mdham\Downloads\Kingston-Engineering-College-main\Kingston-Engineering-College-main\assets\pdfs\UGC Mandatory Disclosure\3. Academics\4. Dept Faculty Details\Main Page.pdf"
"MBA Staff Details.pdf","C:\Users\mdham\Downloads\Kingston-Engineering-College-main\Kingston-Engineering-College-main\assets\pdfs\UGC Mandatory Disclosure\3. Academics\4. Dept Faculty Details\MBA Staff Details.pdf"
"ME APPLIED ELECTRONICS.pdf","C:\Users\mdham\Downloads\Kingston-Engineering-College-main\Kingston-Engineering-College-main\assets\pdfs\UGC Mandatory Disclosure\3. Academics\4. Dept Faculty Details\ME APPLIED ELECTRONICS.pdf"
"ME CSE.pdf","C:\Users\mdham\Downloads\Kingston-Engineering-College-main\Kingston-Engineering-College-main\assets\pdfs\UGC Mandatory Disclosure\3. Academics\4. Dept Faculty Details\ME CSE.pdf"
"ME Engineering Design.pdf","C:\Users\mdham\Downloads\Kingston-Engineering-College-main\Kingston-Engineering-College-main\assets\pdfs\UGC Mandatory Disclosure\3. Academics\4. Dept Faculty Details\ME Engineering Design.pdf"
"ME POWER.pdf","C:\Users\mdham\Downloads\Kingston-Engineering-College-main\Kingston-Engineering-College-main\assets\pdfs\UGC Mandatory Disclosure\3. Academics\4. Dept Faculty Details\ME POWER.pdf"
"Mech Staff Details.pdf","C:\Users\mdham\Downloads\Kingston-Engineering-College-main\Kingston-Engineering-College-main\assets\pdfs\UGC Mandatory Disclosure\3. Academics\4. Dept Faculty Details\Mech Staff Details.pdf"
"S&H Staff Details.pdf","C:\Users\mdham\Downloads\Kingston-Engineering-College-main\Kingston-Engineering-College-main\assets\pdfs\UGC Mandatory Disclosure\3. Academics\4. Dept Faculty Details\S&H Staff Details.pdf"
"MOU 2021_FOCUS LOGIC.pdf","C:\Users\mdham\Downloads\Kingston-Engineering-College-main\Kingston-Engineering-College-main\assets\pdfs\UGC Mandatory Disclosure\3. Academics\7. Academic Collaborations Link-MOU\MOU 2021_FOCUS LOGIC.pdf"
"MOU 2023_INFOGRO.pdf","C:\Users\mdham\Downloads\Kingston-Engineering-College-main\Kingston-Engineering-College-main\assets\pdfs\UGC Mandatory Disclosure\3. Academics\7. Academic Collaborations Link-MOU\MOU 2023_INFOGRO.pdf"
"MOU_2023_KAASHIV.pdf","C:\Users\mdham\Downloads\Kingston-Engineering-College-main\Kingston-Engineering-College-main\assets\pdfs\UGC Mandatory Disclosure\3. Academics\7. Academic Collaborations Link-MOU\MOU_2023_KAASHIV.pdf"
"MOU_AIR MEDIA.pdf","C:\Users\mdham\Downloads\Kingston-Engineering-College-main\Kingston-Engineering-College-main\assets\pdfs\UGC Mandatory Disclosure\3. Academics\7. Academic Collaborations Link-MOU\MOU_AIR MEDIA.pdf"
"MOU_AIRTAS ENVIRONICS PVT LTD_0001.pdf","C:\Users\mdham\Downloads\Kingston-Engineering-College-main\Kingston-Engineering-College-main\assets\pdfs\UGC Mandatory Disclosure\3. Academics\7. Academic Collaborations Link-MOU\MOU_AIRTAS ENVIRONICS PVT LTD_0001.pdf"
"MOU_AVEON.pdf","C:\Users\mdham\Downloads\Kingston-Engineering-College-main\Kingston-Engineering-College-main\assets\pdfs\UGC Mandatory Disclosure\3. Academics\7. Academic Collaborations Link-MOU\MOU_AVEON.pdf"
"MOU_AXLES INDIA LTD_0001.pdf","C:\Users\mdham\Downloads\Kingston-Engineering-College-main\Kingston-Engineering-College-main\assets\pdfs\UGC Mandatory Disclosure\3. Academics\7. Academic Collaborations Link-MOU\MOU_AXLES INDIA LTD_0001.pdf"
"MOU_CAPARO.pdf","C:\Users\mdham\Downloads\Kingston-Engineering-College-main\Kingston-Engineering-College-main\assets\pdfs\UGC Mandatory Disclosure\3. Academics\7. Academic Collaborations Link-MOU\MOU_CAPARO.pdf"
"MOU_CODOID.pdf","C:\Users\mdham\Downloads\Kingston-Engineering-College-main\Kingston-Engineering-College-main\assets\pdfs\UGC Mandatory Disclosure\3. Academics\7. Academic Collaborations Link-MOU\MOU_CODOID.pdf"
"MOU_CRUD.pdf","C:\Users\mdham\Downloads\Kingston-Engineering-College-main\Kingston-Engineering-College-main\assets\pdfs\UGC Mandatory Disclosure\3. Academics\7. Academic Collaborations Link-MOU\MOU_CRUD.pdf"
"MOU_DATAFLAIR WEB SERVICES_0001.pdf","C:\Users\mdham\Downloads\Kingston-Engineering-College-main\Kingston-Engineering-College-main\assets\pdfs\UGC Mandatory Disclosure\3. Academics\7. Academic Collaborations Link-MOU\MOU_DATAFLAIR WEB SERVICES_0001.pdf"
"MOU_DIGIDOC.pdf","C:\Users\mdham\Downloads\Kingston-Engineering-College-main\Kingston-Engineering-College-main\assets\pdfs\UGC Mandatory Disclosure\3. Academics\7. Academic Collaborations Link-MOU\MOU_DIGIDOC.pdf"
"MOU_EVR.pdf","C:\Users\mdham\Downloads\Kingston-Engineering-College-main\Kingston-Engineering-College-main\assets\pdfs\UGC Mandatory Disclosure\3. Academics\7. Academic Collaborations Link-MOU\MOU_EVR.pdf"
"MOU_FACE PREP_0001.pdf","C:\Users\mdham\Downloads\Kingston-Engineering-College-main\Kingston-Engineering-College-main\assets\pdfs\UGC Mandatory Disclosure\3. Academics\7. Academic Collaborations Link-MOU\MOU_FACE PREP_0001.pdf"
"MOU_FACT ENTRY.pdf","C:\Users\mdham\Downloads\Kingston-Engineering-College-main\Kingston-Engineering-College-main\assets\pdfs\UGC Mandatory Disclosure\3. Academics\7. Academic Collaborations Link-MOU\MOU_FACT ENTRY.pdf"
"MOU_FOCUS LOGIC IT SERVICES_0001.pdf","C:\Users\mdham\Downloads\Kingston-Engineering-College-main\Kingston-Engineering-College-main\assets\pdfs\UGC Mandatory Disclosure\3. Academics\7. Academic Collaborations Link-MOU\MOU_FOCUS LOGIC IT SERVICES_0001.pdf"
"MOU_ICE STEEL.pdf","C:\Users\mdham\Downloads\Kingston-Engineering-College-main\Kingston-Engineering-College-main\assets\pdfs\UGC Mandatory Disclosure\3. Academics\7. Academic Collaborations Link-MOU\MOU_ICE STEEL.pdf"
"MOU_IMS LEARNING.pdf","C:\Users\mdham\Downloads\Kingston-Engineering-College-main\Kingston-Engineering-College-main\assets\pdfs\UGC Mandatory Disclosure\3. Academics\7. Academic Collaborations Link-MOU\MOU_IMS LEARNING.pdf"
"MOU_KRIYA_0001.pdf","C:\Users\mdham\Downloads\Kingston-Engineering-College-main\Kingston-Engineering-College-main\assets\pdfs\UGC Mandatory Disclosure\3. Academics\7. Academic Collaborations Link-MOU\MOU_KRIYA_0001.pdf"
"MOU_METRO COMPOSITES.pdf","C:\Users\mdham\Downloads\Kingston-Engineering-College-main\Kingston-Engineering-College-main\assets\pdfs\UGC Mandatory Disclosure\3. Academics\7. Academic Collaborations Link-MOU\MOU_METRO COMPOSITES.pdf"
"MOU_MILKYWAY CELL TECH.pdf","C:\Users\mdham\Downloads\Kingston-Engineering-College-main\Kingston-Engineering-College-main\assets\pdfs\UGC Mandatory Disclosure\3. Academics\7. Academic Collaborations Link-MOU\MOU_MILKYWAY CELL TECH.pdf"
"MOU_PLASTIC OMNIUM AUTO INERGY INDIA PVT LTD_0001.pdf","C:\Users\mdham\Downloads\Kingston-Engineering-College-main\Kingston-Engineering-College-main\assets\pdfs\UGC Mandatory Disclosure\3. Academics\7. Academic Collaborations Link-MOU\MOU_PLASTIC OMNIUM AUTO INERGY INDIA PVT LTD_0001.pdf"
"MOU_PRIMETEC.pdf","C:\Users\mdham\Downloads\Kingston-Engineering-College-main\Kingston-Engineering-College-main\assets\pdfs\UGC Mandatory Disclosure\3. Academics\7. Academic Collaborations Link-MOU\MOU_PRIMETEC.pdf"
"MOU_RELEVANTZ.pdf","C:\Users\mdham\Downloads\Kingston-Engineering-College-main\Kingston-Engineering-College-main\assets\pdfs\UGC Mandatory Disclosure\3. Academics\7. Academic Collaborations Link-MOU\MOU_RELEVANTZ.pdf"
"MOU_SELVI SOFTWARE.pdf","C:\Users\mdham\Downloads\Kingston-Engineering-College-main\Kingston-Engineering-College-main\assets\pdfs\UGC Mandatory Disclosure\3. Academics\7. Academic Collaborations Link-MOU\MOU_SELVI SOFTWARE.pdf"
"MOU_SHIASH.pdf","C:\Users\mdham\Downloads\Kingston-Engineering-College-main\Kingston-Engineering-College-main\assets\pdfs\UGC Mandatory Disclosure\3. Academics\7. Academic Collaborations Link-MOU\MOU_SHIASH.pdf"
"MOU_SHREE ABIRAMI.pdf","C:\Users\mdham\Downloads\Kingston-Engineering-College-main\Kingston-Engineering-College-main\assets\pdfs\UGC Mandatory Disclosure\3. Academics\7. Academic Collaborations Link-MOU\MOU_SHREE ABIRAMI.pdf"
"MOU_TECHFULLY.pdf","C:\Users\mdham\Downloads\Kingston-Engineering-College-main\Kingston-Engineering-College-main\assets\pdfs\UGC Mandatory Disclosure\3. Academics\7. Academic Collaborations Link-MOU\MOU_TECHFULLY.pdf"
"MOU_TOP FRESHERS.pdf","C:\Users\mdham\Downloads\Kingston-Engineering-College-main\Kingston-Engineering-College-main\assets\pdfs\UGC Mandatory Disclosure\3. Academics\7. Academic Collaborations Link-MOU\MOU_TOP FRESHERS.pdf"
"MOU_VIS EDUCATION.pdf","C:\Users\mdham\Downloads\Kingston-Engineering-College-main\Kingston-Engineering-College-main\assets\pdfs\UGC Mandatory Disclosure\3. Academics\7. Academic Collaborations Link-MOU\MOU_VIS EDUCATION.pdf"
"2. ADMISSION POLICY.pdf","C:\Users\mdham\Downloads\Kingston-Engineering-College-main\Kingston-Engineering-College-main\assets\pdfs\UGC Mandatory Disclosure\4. Admissions & Fee\2. ADMISSION POLICY.pdf"
"1. RESEARCH AND DEVELOPEMENT.pdf","C:\Users\mdham\Downloads\Kingston-Engineering-College-main\Kingston-Engineering-College-main\assets\pdfs\UGC Mandatory Disclosure\5. Research\1. RESEARCH AND DEVELOPEMENT.pdf"
"Book chapters.pdf","C:\Users\mdham\Downloads\Kingston-Engineering-College-main\Kingston-Engineering-College-main\assets\pdfs\UGC Mandatory Disclosure\5. Research\1. R&D Link Files\Book chapters.pdf"
"Conference papers.pdf","C:\Users\mdham\Downloads\Kingston-Engineering-College-main\Kingston-Engineering-College-main\assets\pdfs\UGC Mandatory Disclosure\5. Research\1. R&D Link Files\Conference papers.pdf"
"Journal publications.pdf","C:\Users\mdham\Downloads\Kingston-Engineering-College-main\Kingston-Engineering-College-main\assets\pdfs\UGC Mandatory Disclosure\5. Research\1. R&D Link Files\Journal publications.pdf"
"Patent.pdf","C:\Users\mdham\Downloads\Kingston-Engineering-College-main\Kingston-Engineering-College-main\assets\pdfs\UGC Mandatory Disclosure\5. Research\1. R&D Link Files\Patent.pdf"
"1.pdf","C:\Users\mdham\Downloads\Kingston-Engineering-College-main\Kingston-Engineering-College-main\assets\pdfs\UGC Mandatory Disclosure\5. Research\2. Incubation\1.pdf"
"2.pdf","C:\Users\mdham\Downloads\Kingston-Engineering-College-main\Kingston-Engineering-College-main\assets\pdfs\UGC Mandatory Disclosure\5. Research\2. Incubation\2.pdf"
"3.pdf","C:\Users\mdham\Downloads\Kingston-Engineering-College-main\Kingston-Engineering-College-main\assets\pdfs\UGC Mandatory Disclosure\5. Research\2. Incubation\3.pdf"
"4.pdf","C:\Users\mdham\Downloads\Kingston-Engineering-College-main\Kingston-Engineering-College-main\assets\pdfs\UGC Mandatory Disclosure\5. Research\2. Incubation\4.pdf"
"5.pdf","C:\Users\mdham\Downloads\Kingston-Engineering-College-main\Kingston-Engineering-College-main\assets\pdfs\UGC Mandatory Disclosure\5. Research\2. Incubation\5.pdf"
"Main file Startup.pdf","C:\Users\mdham\Downloads\Kingston-Engineering-College-main\Kingston-Engineering-College-main\assets\pdfs\UGC Mandatory Disclosure\5. Research\2. Incubation\Main file Startup.pdf"
"1. Sports Facilities.pdf","C:\Users\mdham\Downloads\Kingston-Engineering-College-main\Kingston-Engineering-College-main\assets\pdfs\UGC Mandatory Disclosure\6. Student Life\1. Sports Facilities.pdf"
"10. SEDGC.pdf","C:\Users\mdham\Downloads\Kingston-Engineering-College-main\Kingston-Engineering-College-main\assets\pdfs\UGC Mandatory Disclosure\6. Student Life\10. SEDGC.pdf"
"11. Facilities for disabled.pdf","C:\Users\mdham\Downloads\Kingston-Engineering-College-main\Kingston-Engineering-College-main\assets\pdfs\UGC Mandatory Disclosure\6. Student Life\11. Facilities for disabled.pdf"
"3. Hostel Details.pdf","C:\Users\mdham\Downloads\Kingston-Engineering-College-main\Kingston-Engineering-College-main\assets\pdfs\UGC Mandatory Disclosure\6. Student Life\3. Hostel Details.pdf"
"5. SGRC.pdf","C:\Users\mdham\Downloads\Kingston-Engineering-College-main\Kingston-Engineering-College-main\assets\pdfs\UGC Mandatory Disclosure\6. Student Life\5. SGRC.pdf"
"6. HEALTH FACILITIES.pdf","C:\Users\mdham\Downloads\Kingston-Engineering-College-main\Kingston-Engineering-College-main\assets\pdfs\UGC Mandatory Disclosure\6. Student Life\6. HEALTH FACILITIES.pdf"
"7. ICC.pdf","C:\Users\mdham\Downloads\Kingston-Engineering-College-main\Kingston-Engineering-College-main\assets\pdfs\UGC Mandatory Disclosure\6. Student Life\7. ICC.pdf"
"8. Anti Ragging.pdf","C:\Users\mdham\Downloads\Kingston-Engineering-College-main\Kingston-Engineering-College-main\assets\pdfs\UGC Mandatory Disclosure\6. Student Life\8. Anti Ragging.pdf"
"9. Equal Oppourtunity Cell.pdf","C:\Users\mdham\Downloads\Kingston-Engineering-College-main\Kingston-Engineering-College-main\assets\pdfs\UGC Mandatory Disclosure\6. Student Life\9. Equal Oppourtunity Cell.pdf"
"1. alumni events 23-24.pdf","C:\Users\mdham\Downloads\Kingston-Engineering-College-main\Kingston-Engineering-College-main\assets\pdfs\UGC Mandatory Disclosure\7. Alumni\1. alumni events 23-24.pdf"
"2. alumni events 23-24.pdf","C:\Users\mdham\Downloads\Kingston-Engineering-College-main\Kingston-Engineering-College-main\assets\pdfs\UGC Mandatory Disclosure\7. Alumni\2. alumni events 23-24.pdf"
"3. alumni events 23-24.pdf","C:\Users\mdham\Downloads\Kingston-Engineering-College-main\Kingston-Engineering-College-main\assets\pdfs\UGC Mandatory Disclosure\7. Alumni\3. alumni events 23-24.pdf"
"Main Page.pdf","C:\Users\mdham\Downloads\Kingston-Engineering-College-main\Kingston-Engineering-College-main\assets\pdfs\UGC Mandatory Disclosure\7. Alumni\Main Page.pdf"
"MEET 23-24.pdf","C:\Users\mdham\Downloads\Kingston-Engineering-College-main\Kingston-Engineering-College-main\assets\pdfs\UGC Mandatory Disclosure\7. Alumni\MEET 23-24.pdf"
"MEET 24-25.pdf","C:\Users\mdham\Downloads\Kingston-Engineering-College-main\Kingston-Engineering-College-main\assets\pdfs\UGC Mandatory Disclosure\7. Alumni\MEET 24-25.pdf"
"4. KNEC-NEWS LETTER.pdf","C:\Users\mdham\Downloads\Kingston-Engineering-College-main\Kingston-Engineering-College-main\assets\pdfs\UGC Mandatory Disclosure\8. Information Corner\4. KNEC-NEWS LETTER.pdf"
"5. News and Events.pdf","C:\Users\mdham\Downloads\Kingston-Engineering-College-main\Kingston-Engineering-College-main\assets\pdfs\UGC Mandatory Disclosure\8. Information Corner\5. News and Events.pdf"
"7. NRI-ADMISSION PROCEDURE.pdf","C:\Users\mdham\Downloads\Kingston-Engineering-College-main\Kingston-Engineering-College-main\assets\pdfs\UGC Mandatory Disclosure\8. Information Corner\7. NRI-ADMISSION PROCEDURE.pdf"
"Main Page.pdf","C:\Users\mdham\Downloads\Kingston-Engineering-College-main\Kingston-Engineering-College-main\assets\pdfs\UGC Mandatory Disclosure\8. Information Corner\3. Announcement\Main Page.pdf"
"MSME-Link Doc.pdf","C:\Users\mdham\Downloads\Kingston-Engineering-College-main\Kingston-Engineering-College-main\assets\pdfs\UGC Mandatory Disclosure\8. Information Corner\3. Announcement\MSME-Link Doc.pdf"
"PMKVY-Link Doc.pdf","C:\Users\mdham\Downloads\Kingston-Engineering-College-main\Kingston-Engineering-College-main\assets\pdfs\UGC Mandatory Disclosure\8. Information Corner\3. Announcement\PMKVY-Link Doc.pdf"
"irncsrontilgllr8rth0_c0ttege_1.pdf","C:\Users\mdham\Downloads\Kingston-Engineering-College-main\Kingston-Engineering-College-main\assets\pdfs\ugc_mandatory_committee\irncsrontilgllr8rth0_c0ttege_1.pdf"
"prevention_of_sexual_harassment_posh_cell_1.pdf","C:\Users\mdham\Downloads\Kingston-Engineering-College-main\Kingston-Engineering-College-main\assets\pdfs\ugc_mandatory_committee\prevention_of_sexual_harassment_posh_cell_1.pdf"
"mandatory_disclosure_ugc_mandatory_committee_sedg_1.pdf","C:\Users\mdham\Downloads\Kingston-Engineering-College-main\Kingston-Engineering-College-main\assets\pdfs\ugc_undertaking\mandatory_disclosure_ugc_mandatory_committee_sedg_1.pdf"
"ugc_icc.pdf","C:\Users\mdham\Downloads\Kingston-Engineering-College-main\Kingston-Engineering-College-main\assets\pdfs\ugc_undertaking\ugc_icc.pdf"
