"File","Link"
"ugc_ps_aboutus.html","assets/pdfs/public_self_disclosure/aboutus.pdf"
"ugc_ps_aboutus.html","assets/pdfs/public_self_disclosure/aboutus.pdf"
"ugc_ps_aboutus.html","assets/pdfs/public_self_disclosure/aboutus.pdf"
"ugc_ps_academic_calendar.html","assets/pdfs/public_self_disclosure/academic_calendar.pdf"
"ugc_ps_academic_calendar.html","assets/pdfs/public_self_disclosure/academic_calendar.pdf"
"ugc_ps_academic_calendar.html","assets/pdfs/public_self_disclosure/academic_calendar.pdf"
"ugc_ps_academic_leadership.html","assets/pdfs/public_self_disclosure/academic_leadership.pdf"
"ugc_ps_academic_leadership.html","assets/pdfs/public_self_disclosure/academic_leadership.pdf"
"ugc_ps_academic_leadership.html","assets/pdfs/public_self_disclosure/academic_leadership.pdf"
"ugc_ps_academic_programs.html","assets/pdfs/public_self_disclosure/academic_programs.pdf"
"ugc_ps_academic_programs.html","assets/pdfs/public_self_disclosure/academic_programs.pdf"
"ugc_ps_academic_programs.html","assets/pdfs/public_self_disclosure/academic_programs.pdf"
"ugc_ps_accreditation.html","assets/pdfs/public_self_disclosure/accrediation_ranking.pdf"
"ugc_ps_accreditation.html","assets/pdfs/public_self_disclosure/accrediation_ranking.pdf"
"ugc_ps_accreditation.html","assets/pdfs/public_self_disclosure/accrediation_ranking.pdf"
"ugc_ps_act_statutes.html","assets/pdfs/public_self_disclosure/act_statutes.pdf"
"ugc_ps_act_statutes.html","assets/pdfs/public_self_disclosure/act_statutes.pdf"
"ugc_ps_act_statutes.html","assets/pdfs/public_self_disclosure/act_statutes.pdf"
"ugc_ps_admission_policy.html","assets/pdfs/public_self_disclosure/admission_policy.pdf"
"ugc_ps_admission_policy.html","assets/pdfs/public_self_disclosure/admission_policy.pdf"
"ugc_ps_admission_policy.html","assets/pdfs/public_self_disclosure/admission_policy.pdf"
"ugc_ps_affiliating.html","assets/pdfs/public_self_disclosure/affiliating_university.pdf"
"ugc_ps_affiliating.html","assets/pdfs/public_self_disclosure/affiliating_university.pdf"
"ugc_ps_affiliating.html","assets/pdfs/public_self_disclosure/affiliating_university.pdf"
"ugc_ps_aicte.html","assets/pdfs/public_self_disclosure/aicte.pdf"
"ugc_ps_aicte.html","assets/pdfs/public_self_disclosure/aicte.pdf"
"ugc_ps_aicte.html","assets/pdfs/public_self_disclosure/aicte.pdf"
"ugc_ps_alumni.html","assets/pdfs/autonomous/alumni.pdf"
"ugc_ps_alumni.html","assets/pdfs/autonomous/alumni.pdf"
"ugc_ps_alumni.html","assets/pdfs/autonomous/alumni.pdf"
"ugc_ps_announcements.html","assets/pdfs/public_self_disclosure/announcements.pdf"
"ugc_ps_announcements.html","assets/pdfs/public_self_disclosure/announcements.pdf"
"ugc_ps_announcements.html","assets/pdfs/public_self_disclosure/announcements.pdf"
"ugc_ps_annual_accounts.html","assets/pdfs/public_self_disclosure/accounts_report.pdf"
"ugc_ps_annual_accounts.html","assets/pdfs/public_self_disclosure/accounts_report.pdf"
"ugc_ps_annual_accounts.html","assets/pdfs/public_self_disclosure/accounts_report.pdf"
"ugc_ps_annual_reports.html","assets/pdfs/public_self_disclosure/annual_reports.pdf"
"ugc_ps_annual_reports.html","assets/pdfs/public_self_disclosure/annual_reports.pdf"
"ugc_ps_annual_reports.html","assets/pdfs/public_self_disclosure/annual_reports.pdf"
"ugc_ps_bos.html","assets/pdfs/public_self_disclosure/bos.pdf"
"ugc_ps_bos.html","assets/pdfs/public_self_disclosure/bos.pdf"
"ugc_ps_bos.html","assets/pdfs/public_self_disclosure/bos.pdf"
"ugc_ps_circulars.html","assets/pdfs/public_self_disclosure/circular_0001.pdf"
"ugc_ps_circulars.html","assets/pdfs/public_self_disclosure/circular_0001.pdf"
"ugc_ps_circulars.html","assets/pdfs/public_self_disclosure/circular_0001.pdf"
"ugc_ps_coe.html","assets/pdfs/public_self_disclosure/coe.pdf"
"ugc_ps_coe.html","assets/pdfs/public_self_disclosure/coe.pdf"
"ugc_ps_coe.html","assets/pdfs/public_self_disclosure/coe.pdf"
"ugc_ps_cvo.html","assets/pdfs/public_self_disclosure/cvo.pdf"
"ugc_ps_cvo.html","assets/pdfs/public_self_disclosure/cvo.pdf"
"ugc_ps_cvo.html","assets/pdfs/public_self_disclosure/cvo.pdf"
"ugc_ps_differentlyabled.html","assets/pdfs/public_self_disclosure/facilityfordifferentlyabled.pdf"
"ugc_ps_differentlyabled.html","assets/pdfs/public_self_disclosure/facilityfordifferentlyabled.pdf"
"ugc_ps_differentlyabled.html","assets/pdfs/public_self_disclosure/facilityfordifferentlyabled.pdf"
"ugc_ps_events.html","assets/pdfs/public_self_disclosure/news_events.pdf"
"ugc_ps_events.html","assets/pdfs/public_self_disclosure/news_events.pdf"
"ugc_ps_events.html","assets/pdfs/public_self_disclosure/news_events.pdf"
"ugc_ps_examinations.html","assets/pdfs/public_self_disclosure/statutes.pdf"
"ugc_ps_examinations.html","assets/pdfs/public_self_disclosure/statutes.pdf"
"ugc_ps_examinations.html","assets/pdfs/public_self_disclosure/statutes.pdf"
"ugc_ps_feerefund.html","assets/pdfs/public_self_disclosure/Fee_Refund_Policy.pdf"
"ugc_ps_feerefund.html","assets/pdfs/public_self_disclosure/Fee_Refund_Policy.pdf"
"ugc_ps_feerefund.html","assets/pdfs/public_self_disclosure/Fee_Refund_Policy.pdf"
"ugc_ps_finance.html","assets/pdfs/public_self_disclosure/finance_officer.pdf"
"ugc_ps_finance.html","assets/pdfs/public_self_disclosure/finance_officer.pdf"
"ugc_ps_finance.html","assets/pdfs/public_self_disclosure/finance_officer.pdf"
"ugc_ps_health.html","assets/pdfs/public_self_disclosure/health.pdf"
"ugc_ps_health.html","assets/pdfs/public_self_disclosure/health.pdf"
"ugc_ps_health.html","assets/pdfs/public_self_disclosure/health.pdf"
"ugc_ps_hostel.html","assets/pdfs/public_self_disclosure/hostel.pdf"
"ugc_ps_hostel.html","assets/pdfs/public_self_disclosure/hostel.pdf"
"ugc_ps_hostel.html","assets/pdfs/public_self_disclosure/hostel.pdf"
"ugc_ps_idp.html","assets/pdfs/public_self_disclosure/institutional_development_plan.pdf"
"ugc_ps_idp.html","assets/pdfs/public_self_disclosure/institutional_development_plan.pdf"
"ugc_ps_idp.html","assets/pdfs/public_self_disclosure/institutional_development_plan.pdf"
"ugc_ps_incubation.html","assets/pdfs/autonomous/MSME_Support_Policy.pdf"
"ugc_ps_incubation.html","assets/pdfs/public_self_disclosure/incubation.pdf"
"ugc_ps_incubation.html","assets/pdfs/public_self_disclosure/incubation.pdf"
"ugc_ps_incubation.html","assets/pdfs/public_self_disclosure/incubation.pdf"
"ugc_ps_mission_vision.html","https://kingston.ac.in/engineering-resources/ugc_mandatory_disclosure/about_hei/mission_and_vision.pdf"
"ugc_ps_mission_vision.html","https://kingston.ac.in/engineering-resources/ugc_mandatory_disclosure/about_hei/mission_and_vision.pdf"
"ugc_ps_mission_vision.html","https://kingston.ac.in/engineering-resources/ugc_mandatory_disclosure/about_hei/mission_and_vision.pdf"
"ugc_ps_mou.html","assets/pdfs/public_self_disclosure/mou.pdf"
"ugc_ps_mou.html","assets/pdfs/public_self_disclosure/mou.pdf"
"ugc_ps_mou.html","assets/pdfs/public_self_disclosure/mou.pdf"
"ugc_ps_newsletters.html","assets/pdfs/public_self_disclosure/newsletters.pdf"
"ugc_ps_newsletters.html","assets/pdfs/public_self_disclosure/newsletters.pdf"
"ugc_ps_newsletters.html","assets/pdfs/public_self_disclosure/newsletters.pdf"
"ugc_ps_nss.html","assets/pdfs/public_self_disclosure/nss.pdf"
"ugc_ps_nss.html","assets/pdfs/public_self_disclosure/nss.pdf"
"ugc_ps_nss.html","assets/pdfs/public_self_disclosure/nss.pdf"
"ugc_ps_ombudsperson.html","assets/pdfs/public_self_disclosure/ombudsperson.pdf"
"ugc_ps_ombudsperson.html","assets/pdfs/public_self_disclosure/ombudsperson.pdf"
"ugc_ps_ombudsperson.html","assets/pdfs/public_self_disclosure/ombudsperson.pdf"
"ugc_ps_prospectus.html","assets/pdfs/public_self_disclosure/prospectus.pdf"
"ugc_ps_prospectus.html","assets/pdfs/public_self_disclosure/prospectus.pdf"
"ugc_ps_prospectus.html","assets/pdfs/public_self_disclosure/prospectus.pdf"
"ugc_ps_recognition.html","assets/pdfs/public_self_disclosure/recognition_approvals.pdf"
"ugc_ps_recognition.html","assets/pdfs/public_self_disclosure/recognition_approvals.pdf"
"ugc_ps_recognition.html","assets/pdfs/public_self_disclosure/recognition_approvals.pdf"
"ugc_ps_rnd.html","assets/pdfs/public_self_disclosure/research_development.pdf"
"ugc_ps_rnd.html","assets/pdfs/public_self_disclosure/research_development.pdf"
"ugc_ps_rnd.html","assets/pdfs/public_self_disclosure/research_development.pdf"
"ugc_ps_rnd.html","assets/pdfs/research/Patent 1 Journal.pdf"
"ugc_ps_rnd.html","assets/pdfs/research/Patent 2 Journal.pdf"
"ugc_ps_rnd.html","assets/pdfs/research/Patent 3 Journal.pdf"
"ugc_ps_rnd.html","assets/pdfs/research/Patent 4 Journal.pdf"
"ugc_ps_rnd.html","assets/pdfs/research/Patent 5 Journal.pdf"
"ugc_ps_rnd.html","assets/docs/research/Book Chapter Impact of ... .pdf"
"ugc_ps_rnd.html","assets/pdfs/research/List_of_Journals_3_3_1.pdf"
"ugc_ps_rnd.html","assets/pdfs/research/Paper_Vishnu_Priyan.pdf"
"ugc_ps_rnd.html","assets/pdfs/public_self_disclosure/research_development.pdf"
"ugc_ps_rnd.html","assets/pdfs/public_self_disclosure/research_development.pdf"
"ugc_ps_rti.html","assets/pdfs/public_self_disclosure/rti.pdf"
"ugc_ps_rti.html","assets/pdfs/public_self_disclosure/rti.pdf"
"ugc_ps_rti.html","assets/pdfs/public_self_disclosure/rti.pdf"
"ugc_ps_sl_antiragging.html","assets/pdfs/public_self_disclosure/antiragging.pdf"
"ugc_ps_sl_antiragging.html","assets/pdfs/public_self_disclosure/antiragging.pdf"
"ugc_ps_sl_antiragging.html","assets/pdfs/public_self_disclosure/antiragging.pdf"
"ugc_ps_sl_equalopportunity.html","assets/pdfs/public_self_disclosure/equalopportunity.pdf"
"ugc_ps_sl_equalopportunity.html","assets/pdfs/public_self_disclosure/equalopportunity.pdf"
"ugc_ps_sl_equalopportunity.html","assets/pdfs/public_self_disclosure/equalopportunity.pdf"
"ugc_ps_sl_icc.html","assets/pdfs/public_self_disclosure/icc.pdf"
"ugc_ps_sl_icc.html","assets/pdfs/public_self_disclosure/icc.pdf"
"ugc_ps_sl_icc.html","assets/pdfs/public_self_disclosure/icc.pdf"
"ugc_ps_sl_sedg.html","assets/pdfs/public_self_disclosure/sedg.pdf"
"ugc_ps_sl_sedg.html","assets/pdfs/public_self_disclosure/sedg.pdf"
"ugc_ps_sl_sedg.html","assets/pdfs/public_self_disclosure/sedg.pdf"
"ugc_ps_sl_sgrc.html","assets/pdfs/public_self_disclosure/sgrc.pdf"
"ugc_ps_sl_sgrc.html","assets/pdfs/public_self_disclosure/sgrc.pdf"
"ugc_ps_sl_sgrc.html","assets/pdfs/autonomous/grc/grc_minutes_2023_10_31.pdf"
"ugc_ps_sl_sgrc.html","assets/pdfs/autonomous/grc/grc_minutes_2023_02_17.pdf"
"ugc_ps_sl_sgrc.html","assets/pdfs/autonomous/grc/grc_minutes_2022_07_28.pdf"
"ugc_ps_sl_sgrc.html","assets/pdfs/autonomous/grc/grc_minutes_2022_02_23.pdf"
"ugc_ps_sl_sgrc.html","assets/pdfs/public_self_disclosure/sgrc.pdf"
"ugc_ps_sponsoring_body.html","assets/pdfs/public_self_disclosure/sponsoring_body.pdf"
"ugc_ps_sponsoring_body.html","assets/pdfs/public_self_disclosure/sponsoring_body.pdf"
"ugc_ps_sponsoring_body.html","assets/pdfs/public_self_disclosure/sponsoring_body.pdf"
"ugc_ps_sports.html","assets/pdfs/public_self_disclosure/sports.pdf"
"ugc_ps_sports.html","assets/pdfs/public_self_disclosure/sports.pdf"
"ugc_ps_sports.html","assets/pdfs/public_self_disclosure/sports.pdf"
"ugc_ps_staff.html","assets/pdfs/public_self_disclosure/staff.pdf"
"ugc_ps_staff.html","assets/pdfs/public_self_disclosure/staff.pdf"
"ugc_ps_staff.html","assets/pdfs/public_self_disclosure/staff.pdf"
"ugc_ps_studyinindia.html","assets/pdfs/public_self_disclosure/studyinindia.pdf"
"ugc_ps_studyinindia.html","assets/pdfs/public_self_disclosure/studyinindia.pdf"
"ugc_ps_studyinindia.html","assets/pdfs/public_self_disclosure/studyinindia.pdf"
